DISKREAD,Disk Read KB/s VM-12-13-centos,vda,vda1,sr0
DISKREAD,T0001,187.0,187.0,0.0
DISKREAD,T0002,0.0,0.0,0.0
DISKREAD,T0003,0.0,0.0,0.0
DISKREAD,T0004,0.0,0.0,0.0
DISKREAD,T0005,0.0,0.0,0.0
DISKREAD,T0006,0.0,0.0,0.0
DISKREAD,T0007,0.0,0.0,0.0
DISKREAD,T0008,0.0,0.0,0.0
DISKREAD,T0009,0.0,0.0,0.0
DISKREAD,T0010,0.0,0.0,0.0
DISKREAD,T0011,0.0,0.0,0.0
DISKREAD,T0012,0.0,0.0,0.0
DISKREAD,T0013,0.0,0.0,0.0
DISKREAD,T0014,0.0,0.0,0.0
DISKREAD,T0015,0.0,0.0,0.0
DISKREAD,T0016,0.0,0.0,0.0
DISKREAD,T0017,0.0,0.0,0.0
DISKREAD,T0018,0.0,0.0,0.0
DISKREAD,T0019,0.0,0.0,0.0
DISKREAD,T0020,0.0,0.0,0.0
DISKREAD,T0021,0.0,0.0,0.0
DISKREAD,T0022,0.0,0.0,0.0
DISKREAD,T0023,0.0,0.0,0.0
DISKREAD,T0024,0.0,0.0,0.0
DISKREAD,T0025,0.0,0.0,0.0
DISKREAD,T0026,0.0,0.0,0.0
DISKREAD,T0027,0.0,0.0,0.0
DISKREAD,T0028,0.0,0.0,0.0
DISKREAD,T0029,0.0,0.0,0.0
DISKREAD,T0030,0.0,0.0,0.0
DISKREAD,T0031,0.0,0.0,0.0
DISKREAD,T0032,0.0,0.0,0.0
DISKREAD,T0033,0.0,0.0,0.0
DISKREAD,T0034,0.0,0.0,0.0
DISKREAD,T0035,0.0,0.0,0.0
DISKREAD,T0036,0.0,0.0,0.0
DISKREAD,T0037,0.0,0.0,0.0
DISKREAD,T0038,0.0,0.0,0.0
DISKREAD,T0039,0.0,0.0,0.0
DISKREAD,T0040,0.0,0.0,0.0
DISKREAD,T0041,0.0,0.0,0.0
DISKREAD,T0042,0.0,0.0,0.0
DISKREAD,T0043,0.0,0.0,0.0
DISKREAD,T0044,0.0,0.0,0.0
DISKREAD,T0045,0.0,0.0,0.0
DISKREAD,T0046,0.0,0.0,0.0
DISKREAD,T0047,0.0,0.0,0.0
DISKREAD,T0048,0.0,0.0,0.0
DISKREAD,T0049,0.0,0.0,0.0
DISKREAD,T0050,0.0,0.0,0.0
DISKREAD,T0051,0.0,0.0,0.0
DISKREAD,T0052,0.0,0.0,0.0
DISKREAD,T0053,0.0,0.0,0.0
DISKREAD,T0054,0.0,0.0,0.0
DISKREAD,T0055,0.0,0.0,0.0
DISKREAD,T0056,0.0,0.0,0.0
DISKREAD,T0057,0.0,0.0,0.0
DISKREAD,T0058,0.0,0.0,0.0
DISKREAD,T0059,0.0,0.0,0.0
DISKREAD,T0060,0.0,0.0,0.0
DISKREAD,T0061,0.0,0.0,0.0
DISKREAD,T0062,0.0,0.0,0.0
DISKREAD,T0063,0.0,0.0,0.0
DISKREAD,T0064,0.0,0.0,0.0
DISKREAD,T0065,0.0,0.0,0.0
DISKREAD,T0066,0.0,0.0,0.0
DISKREAD,T0067,0.0,0.0,0.0
DISKREAD,T0068,0.0,0.0,0.0
DISKREAD,T0069,0.0,0.0,0.0
DISKREAD,T0070,0.0,0.0,0.0
DISKREAD,T0071,0.0,0.0,0.0
DISKREAD,T0072,0.0,0.0,0.0
DISKREAD,T0073,0.0,0.0,0.0
DISKREAD,T0074,0.0,0.0,0.0
DISKREAD,T0075,0.0,0.0,0.0
DISKREAD,T0076,0.0,0.0,0.0
DISKREAD,T0077,0.0,0.0,0.0
DISKREAD,T0078,0.0,0.0,0.0
DISKREAD,T0079,0.0,0.0,0.0
DISKREAD,T0080,0.0,0.0,0.0
DISKREAD,T0081,0.0,0.0,0.0
DISKREAD,T0082,0.0,0.0,0.0
DISKREAD,T0083,0.0,0.0,0.0
DISKREAD,T0084,0.0,0.0,0.0
DISKREAD,T0085,0.0,0.0,0.0
DISKREAD,T0086,0.0,0.0,0.0
DISKREAD,T0087,0.0,0.0,0.0
DISKREAD,T0088,0.0,0.0,0.0
DISKREAD,T0089,0.0,0.0,0.0
DISKREAD,T0090,0.0,0.0,0.0
DISKREAD,T0091,0.0,0.0,0.0
DISKREAD,T0092,0.0,0.0,0.0
DISKREAD,T0093,0.0,0.0,0.0
DISKREAD,T0094,0.0,0.0,0.0
DISKREAD,T0095,0.0,0.0,0.0
DISKREAD,T0096,0.0,0.0,0.0
DISKREAD,T0097,0.0,0.0,0.0
DISKREAD,T0098,0.0,0.0,0.0
DISKREAD,T0099,0.0,0.0,0.0
DISKREAD,T0100,0.0,0.0,0.0
DISKREAD,T0101,0.0,0.0,0.0
DISKREAD,T0102,0.0,0.0,0.0
DISKREAD,T0103,0.0,0.0,0.0
DISKREAD,T0104,0.0,0.0,0.0
DISKREAD,T0105,0.0,0.0,0.0
DISKREAD,T0106,0.0,0.0,0.0
DISKREAD,T0107,0.0,0.0,0.0
DISKREAD,T0108,0.0,0.0,0.0
DISKREAD,T0109,0.0,0.0,0.0
DISKREAD,T0110,0.0,0.0,0.0
DISKREAD,T0111,0.0,0.0,0.0
DISKREAD,T0112,0.0,0.0,0.0
DISKREAD,T0113,0.0,0.0,0.0
DISKREAD,T0114,0.0,0.0,0.0
DISKREAD,T0115,0.0,0.0,0.0
DISKREAD,T0116,0.0,0.0,0.0
DISKREAD,T0117,0.0,0.0,0.0
DISKREAD,T0118,0.0,0.0,0.0
DISKREAD,T0119,0.0,0.0,0.0
DISKREAD,T0120,0.0,0.0,0.0
DISKREAD,T0121,0.0,0.0,0.0
DISKREAD,T0122,0.0,0.0,0.0
DISKREAD,T0123,0.0,0.0,0.0
DISKREAD,T0124,0.0,0.0,0.0
DISKREAD,T0125,0.0,0.0,0.0
DISKREAD,T0126,0.0,0.0,0.0
DISKREAD,T0127,0.0,0.0,0.0
DISKREAD,T0128,0.0,0.0,0.0
DISKREAD,T0129,0.0,0.0,0.0
DISKREAD,T0130,0.0,0.0,0.0
DISKREAD,T0131,0.0,0.0,0.0
DISKREAD,T0132,0.0,0.0,0.0
DISKREAD,T0133,0.0,0.0,0.0
DISKREAD,T0134,0.0,0.0,0.0
DISKREAD,T0135,0.0,0.0,0.0
DISKREAD,T0136,0.0,0.0,0.0
DISKREAD,T0137,0.0,0.0,0.0
DISKREAD,T0138,0.0,0.0,0.0
DISKREAD,T0139,0.0,0.0,0.0
DISKREAD,T0140,0.0,0.0,0.0
DISKREAD,T0141,0.0,0.0,0.0
DISKREAD,T0142,0.0,0.0,0.0
DISKREAD,T0143,0.0,0.0,0.0
DISKREAD,T0144,0.0,0.0,0.0
DISKREAD,T0145,0.0,0.0,0.0
DISKREAD,T0146,0.0,0.0,0.0
DISKREAD,T0147,0.0,0.0,0.0
DISKREAD,T0148,0.0,0.0,0.0
DISKREAD,T0149,0.0,0.0,0.0
DISKREAD,T0150,0.0,0.0,0.0
DISKREAD,T0151,0.0,0.0,0.0
DISKREAD,T0152,0.0,0.0,0.0
DISKREAD,T0153,0.0,0.0,0.0
DISKREAD,T0154,0.0,0.0,0.0
DISKREAD,T0155,0.0,0.0,0.0
DISKREAD,T0156,0.0,0.0,0.0
DISKREAD,T0157,0.0,0.0,0.0
DISKREAD,T0158,0.0,0.0,0.0
DISKREAD,T0159,0.0,0.0,0.0
DISKREAD,T0160,0.0,0.0,0.0
DISKREAD,T0161,0.0,0.0,0.0
DISKREAD,T0162,0.0,0.0,0.0
DISKREAD,T0163,0.0,0.0,0.0
DISKREAD,T0164,0.0,0.0,0.0
DISKREAD,T0165,0.0,0.0,0.0
DISKREAD,T0166,0.0,0.0,0.0
DISKREAD,T0167,0.0,0.0,0.0
DISKREAD,T0168,0.0,0.0,0.0
DISKREAD,T0169,0.0,0.0,0.0
DISKREAD,T0170,0.0,0.0,0.0
DISKREAD,T0171,0.0,0.0,0.0
DISKREAD,T0172,0.0,0.0,0.0
DISKREAD,T0173,0.0,0.0,0.0
DISKREAD,T0174,0.0,0.0,0.0
DISKREAD,T0175,0.0,0.0,0.0
DISKREAD,T0176,0.0,0.0,0.0
DISKREAD,T0177,0.0,0.0,0.0
DISKREAD,T0178,0.0,0.0,0.0
DISKREAD,T0179,0.0,0.0,0.0
DISKREAD,T0180,0.0,0.0,0.0
DISKREAD,T0181,0.0,0.0,0.0
DISKREAD,T0182,0.0,0.0,0.0
DISKREAD,T0183,0.0,0.0,0.0
DISKREAD,T0184,0.0,0.0,0.0
DISKREAD,T0185,0.0,0.0,0.0
DISKREAD,T0186,0.0,0.0,0.0
DISKREAD,T0187,0.0,0.0,0.0
DISKREAD,T0188,0.0,0.0,0.0
DISKREAD,T0189,0.0,0.0,0.0
DISKREAD,T0190,0.0,0.0,0.0
DISKREAD,T0191,0.0,0.0,0.0
DISKREAD,T0192,0.0,0.0,0.0
DISKREAD,T0193,0.0,0.0,0.0
DISKREAD,T0194,0.0,0.0,0.0
DISKREAD,T0195,0.0,0.0,0.0
DISKREAD,T0196,0.0,0.0,0.0
DISKREAD,T0197,0.0,0.0,0.0
DISKREAD,T0198,0.0,0.0,0.0
DISKREAD,T0199,0.0,0.0,0.0
DISKREAD,T0200,0.0,0.0,0.0
DISKREAD,T0201,0.0,0.0,0.0
DISKREAD,T0202,0.0,0.0,0.0
DISKREAD,T0203,0.0,0.0,0.0
DISKREAD,T0204,0.0,0.0,0.0
DISKREAD,T0205,0.0,0.0,0.0
DISKREAD,T0206,0.0,0.0,0.0
DISKREAD,T0207,0.0,0.0,0.0
DISKREAD,T0208,0.0,0.0,0.0
DISKREAD,T0209,0.0,0.0,0.0
DISKREAD,T0210,0.0,0.0,0.0
DISKREAD,T0211,0.0,0.0,0.0
DISKREAD,T0212,0.0,0.0,0.0
DISKREAD,T0213,0.0,0.0,0.0
DISKREAD,T0214,0.0,0.0,0.0
DISKREAD,T0215,0.0,0.0,0.0
DISKREAD,T0216,0.0,0.0,0.0
DISKREAD,T0217,0.0,0.0,0.0
DISKREAD,T0218,0.0,0.0,0.0
DISKREAD,T0219,0.0,0.0,0.0
DISKREAD,T0220,0.0,0.0,0.0
DISKREAD,T0221,0.0,0.0,0.0
DISKREAD,T0222,0.0,0.0,0.0
DISKREAD,T0223,0.0,0.0,0.0
DISKREAD,T0224,0.0,0.0,0.0
DISKREAD,T0225,0.0,0.0,0.0
DISKREAD,T0226,0.0,0.0,0.0
DISKREAD,T0227,0.0,0.0,0.0
DISKREAD,T0228,0.0,0.0,0.0
DISKREAD,T0229,0.0,0.0,0.0
DISKREAD,T0230,0.0,0.0,0.0
DISKREAD,T0231,0.0,0.0,0.0
DISKREAD,T0232,0.0,0.0,0.0
DISKREAD,T0233,0.0,0.0,0.0
DISKREAD,T0234,0.0,0.0,0.0
DISKREAD,T0235,0.0,0.0,0.0
DISKREAD,T0236,0.0,0.0,0.0
DISKREAD,T0237,0.0,0.0,0.0
DISKREAD,T0238,0.0,0.0,0.0
DISKREAD,T0239,0.0,0.0,0.0
DISKREAD,T0240,0.0,0.0,0.0
DISKREAD,T0241,0.0,0.0,0.0
DISKREAD,T0242,0.0,0.0,0.0
DISKREAD,T0243,0.0,0.0,0.0
DISKREAD,T0244,0.0,0.0,0.0
DISKREAD,T0245,0.0,0.0,0.0
DISKREAD,T0246,0.0,0.0,0.0
DISKREAD,T0247,0.0,0.0,0.0
DISKREAD,T0248,0.0,0.0,0.0
DISKREAD,T0249,0.0,0.0,0.0
DISKREAD,T0250,0.0,0.0,0.0
DISKREAD,T0251,0.0,0.0,0.0
DISKREAD,T0252,0.0,0.0,0.0
DISKREAD,T0253,0.0,0.0,0.0
DISKREAD,T0254,0.0,0.0,0.0
DISKREAD,T0255,0.0,0.0,0.0
DISKREAD,T0256,0.0,0.0,0.0
DISKREAD,T0257,0.0,0.0,0.0
DISKREAD,T0258,0.0,0.0,0.0
DISKREAD,T0259,0.0,0.0,0.0
DISKREAD,T0260,0.0,0.0,0.0
DISKREAD,T0261,0.0,0.0,0.0
DISKREAD,T0262,0.0,0.0,0.0
DISKREAD,T0263,0.0,0.0,0.0
DISKREAD,T0264,0.0,0.0,0.0
DISKREAD,T0265,0.0,0.0,0.0
DISKREAD,T0266,0.0,0.0,0.0
DISKREAD,T0267,0.0,0.0,0.0
DISKREAD,T0268,0.0,0.0,0.0
DISKREAD,T0269,0.0,0.0,0.0
DISKREAD,T0270,0.0,0.0,0.0
DISKREAD,T0271,0.0,0.0,0.0
DISKREAD,T0272,0.0,0.0,0.0
DISKREAD,T0273,0.0,0.0,0.0
DISKREAD,T0274,0.0,0.0,0.0
DISKREAD,T0275,0.0,0.0,0.0
DISKREAD,T0276,0.0,0.0,0.0
DISKREAD,T0277,0.0,0.0,0.0
DISKREAD,T0278,0.0,0.0,0.0
DISKREAD,T0279,0.0,0.0,0.0
DISKREAD,T0280,0.0,0.0,0.0
DISKREAD,T0281,0.0,0.0,0.0
DISKREAD,T0282,0.0,0.0,0.0
DISKREAD,T0283,0.0,0.0,0.0
DISKREAD,T0284,0.0,0.0,0.0
DISKREAD,T0285,0.0,0.0,0.0
DISKREAD,T0286,0.0,0.0,0.0
DISKREAD,T0287,0.0,0.0,0.0
DISKREAD,T0288,0.0,0.0,0.0
DISKREAD,T0289,0.0,0.0,0.0
DISKREAD,T0290,0.0,0.0,0.0
DISKREAD,T0291,0.0,0.0,0.0
DISKREAD,T0292,0.0,0.0,0.0
DISKREAD,T0293,0.0,0.0,0.0
DISKREAD,T0294,0.0,0.0,0.0
DISKREAD,T0295,0.0,0.0,0.0
DISKREAD,T0296,0.0,0.0,0.0
DISKREAD,T0297,0.0,0.0,0.0
DISKREAD,T0298,0.0,0.0,0.0
DISKREAD,T0299,0.0,0.0,0.0
DISKREAD,T0300,0.0,0.0,0.0
DISKREAD,T0301,0.0,0.0,0.0
DISKREAD,T0302,0.0,0.0,0.0
DISKREAD,T0303,0.0,0.0,0.0
DISKREAD,T0304,0.0,0.0,0.0
DISKREAD,T0305,0.0,0.0,0.0
DISKREAD,T0306,0.0,0.0,0.0
DISKREAD,T0307,0.0,0.0,0.0
DISKREAD,T0308,0.0,0.0,0.0
DISKREAD,T0309,0.0,0.0,0.0
DISKREAD,T0310,0.0,0.0,0.0
DISKREAD,T0311,0.0,0.0,0.0
DISKREAD,T0312,0.0,0.0,0.0
DISKREAD,T0313,0.0,0.0,0.0
DISKREAD,T0314,0.0,0.0,0.0
DISKREAD,T0315,0.0,0.0,0.0
DISKREAD,T0316,0.0,0.0,0.0
DISKREAD,T0317,0.0,0.0,0.0
DISKREAD,T0318,0.0,0.0,0.0
DISKREAD,T0319,0.0,0.0,0.0
DISKREAD,T0320,0.0,0.0,0.0
DISKREAD,T0321,0.0,0.0,0.0
DISKREAD,T0322,0.0,0.0,0.0
DISKREAD,T0323,0.0,0.0,0.0
DISKREAD,T0324,0.0,0.0,0.0
DISKREAD,T0325,0.0,0.0,0.0
DISKREAD,T0326,0.0,0.0,0.0
DISKREAD,T0327,0.0,0.0,0.0
DISKREAD,T0328,0.0,0.0,0.0
DISKREAD,T0329,0.0,0.0,0.0
DISKREAD,T0330,0.0,0.0,0.0
DISKREAD,T0331,0.0,0.0,0.0
DISKREAD,T0332,0.0,0.0,0.0
DISKREAD,T0333,0.0,0.0,0.0
DISKREAD,T0334,0.0,0.0,0.0
DISKREAD,T0335,0.0,0.0,0.0
DISKREAD,T0336,0.0,0.0,0.0
DISKREAD,T0337,0.0,0.0,0.0
DISKREAD,T0338,0.0,0.0,0.0
DISKREAD,T0339,0.0,0.0,0.0
DISKREAD,T0340,0.0,0.0,0.0
DISKREAD,T0341,0.0,0.0,0.0
DISKREAD,T0342,0.0,0.0,0.0
DISKREAD,T0343,0.0,0.0,0.0
DISKREAD,T0344,0.0,0.0,0.0
DISKREAD,T0345,0.0,0.0,0.0
DISKREAD,T0346,0.0,0.0,0.0
DISKREAD,T0347,0.0,0.0,0.0
DISKREAD,T0348,0.0,0.0,0.0
DISKREAD,T0349,0.0,0.0,0.0
DISKREAD,T0350,0.0,0.0,0.0
DISKREAD,T0351,0.0,0.0,0.0
DISKREAD,T0352,0.0,0.0,0.0
DISKREAD,T0353,0.0,0.0,0.0
DISKREAD,T0354,0.0,0.0,0.0
DISKREAD,T0355,0.0,0.0,0.0
DISKREAD,T0356,0.0,0.0,0.0
DISKREAD,T0357,0.0,0.0,0.0
DISKREAD,T0358,0.0,0.0,0.0
DISKREAD,T0359,0.0,0.0,0.0
DISKREAD,T0360,0.0,0.0,0.0
DISKREAD,T0361,0.0,0.0,0.0
DISKREAD,T0362,0.0,0.0,0.0
DISKREAD,T0363,0.0,0.0,0.0
DISKREAD,T0364,0.0,0.0,0.0
DISKREAD,T0365,0.0,0.0,0.0
DISKREAD,T0366,0.0,0.0,0.0
DISKREAD,T0367,0.0,0.0,0.0
DISKREAD,T0368,0.0,0.0,0.0
DISKREAD,T0369,0.0,0.0,0.0
DISKREAD,T0370,0.0,0.0,0.0
DISKREAD,T0371,0.0,0.0,0.0
DISKREAD,T0372,0.0,0.0,0.0
DISKREAD,T0373,0.0,0.0,0.0
DISKREAD,T0374,0.0,0.0,0.0
DISKREAD,T0375,0.0,0.0,0.0
DISKREAD,T0376,0.0,0.0,0.0
DISKREAD,T0377,0.0,0.0,0.0
DISKREAD,T0378,0.0,0.0,0.0
DISKREAD,T0379,0.0,0.0,0.0
DISKREAD,T0380,0.0,0.0,0.0
DISKREAD,T0381,0.0,0.0,0.0
DISKREAD,T0382,0.0,0.0,0.0
DISKREAD,T0383,0.0,0.0,0.0
DISKREAD,T0384,0.0,0.0,0.0
DISKREAD,T0385,0.0,0.0,0.0
DISKREAD,T0386,0.0,0.0,0.0
DISKREAD,T0387,0.0,0.0,0.0
DISKREAD,T0388,0.0,0.0,0.0
DISKREAD,T0389,0.0,0.0,0.0
DISKREAD,T0390,0.0,0.0,0.0
DISKREAD,T0391,0.0,0.0,0.0
DISKREAD,T0392,0.0,0.0,0.0
DISKREAD,T0393,0.0,0.0,0.0
DISKREAD,T0394,0.0,0.0,0.0
DISKREAD,T0395,0.0,0.0,0.0
DISKREAD,T0396,0.0,0.0,0.0
DISKREAD,T0397,0.0,0.0,0.0
DISKREAD,T0398,0.0,0.0,0.0
DISKREAD,T0399,0.0,0.0,0.0
DISKREAD,T0400,0.0,0.0,0.0
DISKREAD,T0401,0.0,0.0,0.0
DISKREAD,T0402,0.0,0.0,0.0
DISKREAD,T0403,0.0,0.0,0.0
DISKREAD,T0404,0.0,0.0,0.0
DISKREAD,T0405,0.0,0.0,0.0
DISKREAD,T0406,0.0,0.0,0.0
DISKREAD,T0407,0.0,0.0,0.0
DISKREAD,T0408,0.0,0.0,0.0
DISKREAD,T0409,0.0,0.0,0.0
DISKREAD,T0410,0.0,0.0,0.0
DISKREAD,T0411,0.0,0.0,0.0
DISKREAD,T0412,0.0,0.0,0.0
DISKREAD,T0413,0.0,0.0,0.0
DISKREAD,T0414,0.0,0.0,0.0
DISKREAD,T0415,0.0,0.0,0.0
DISKREAD,T0416,0.0,0.0,0.0
DISKREAD,T0417,0.0,0.0,0.0
DISKREAD,T0418,0.0,0.0,0.0
DISKREAD,T0419,0.0,0.0,0.0
DISKREAD,T0420,0.0,0.0,0.0
DISKREAD,T0421,0.0,0.0,0.0
DISKREAD,T0422,0.0,0.0,0.0
DISKREAD,T0423,0.0,0.0,0.0
DISKREAD,T0424,0.0,0.0,0.0
DISKREAD,T0425,0.0,0.0,0.0
DISKREAD,T0426,0.0,0.0,0.0
DISKREAD,T0427,0.0,0.0,0.0
DISKREAD,T0428,0.0,0.0,0.0
DISKREAD,T0429,0.0,0.0,0.0
DISKREAD,T0430,0.0,0.0,0.0
DISKREAD,T0431,0.0,0.0,0.0
DISKREAD,T0432,0.0,0.0,0.0
DISKREAD,T0433,0.0,0.0,0.0
DISKREAD,T0434,0.0,0.0,0.0
DISKREAD,T0435,0.0,0.0,0.0
DISKREAD,T0436,0.0,0.0,0.0
DISKREAD,T0437,0.0,0.0,0.0
DISKREAD,T0438,0.0,0.0,0.0
DISKREAD,T0439,0.0,0.0,0.0
DISKREAD,T0440,0.0,0.0,0.0
DISKREAD,T0441,0.0,0.0,0.0
DISKREAD,T0442,0.0,0.0,0.0
DISKREAD,T0443,0.0,0.0,0.0
DISKREAD,T0444,0.0,0.0,0.0
DISKREAD,T0445,0.0,0.0,0.0
DISKREAD,T0446,0.0,0.0,0.0
DISKREAD,T0447,0.0,0.0,0.0
DISKREAD,T0448,0.0,0.0,0.0
DISKREAD,T0449,0.0,0.0,0.0
DISKREAD,T0450,0.0,0.0,0.0
DISKREAD,T0451,0.0,0.0,0.0
DISKREAD,T0452,0.0,0.0,0.0
DISKREAD,T0453,0.0,0.0,0.0
DISKREAD,T0454,0.0,0.0,0.0
DISKREAD,T0455,0.0,0.0,0.0
DISKREAD,T0456,0.0,0.0,0.0
DISKREAD,T0457,0.0,0.0,0.0
DISKREAD,T0458,0.0,0.0,0.0
DISKREAD,T0459,0.0,0.0,0.0
DISKREAD,T0460,0.0,0.0,0.0
DISKREAD,T0461,0.0,0.0,0.0
DISKREAD,T0462,0.0,0.0,0.0
DISKREAD,T0463,0.0,0.0,0.0
DISKREAD,T0464,0.0,0.0,0.0
DISKREAD,T0465,0.0,0.0,0.0
DISKREAD,T0466,0.0,0.0,0.0
DISKREAD,T0467,0.0,0.0,0.0
DISKREAD,T0468,0.0,0.0,0.0
DISKREAD,T0469,0.0,0.0,0.0
DISKREAD,T0470,0.0,0.0,0.0
DISKREAD,T0471,0.0,0.0,0.0
DISKREAD,T0472,0.0,0.0,0.0
DISKREAD,T0473,0.0,0.0,0.0
DISKREAD,T0474,0.0,0.0,0.0
DISKREAD,T0475,0.0,0.0,0.0
DISKREAD,T0476,0.0,0.0,0.0
DISKREAD,T0477,0.0,0.0,0.0
DISKREAD,T0478,0.0,0.0,0.0
DISKREAD,T0479,0.0,0.0,0.0
DISKREAD,T0480,0.0,0.0,0.0
DISKREAD,T0481,0.0,0.0,0.0
DISKREAD,T0482,0.0,0.0,0.0
DISKREAD,T0483,0.0,0.0,0.0
DISKREAD,T0484,0.0,0.0,0.0
DISKREAD,T0485,0.0,0.0,0.0
DISKREAD,T0486,0.0,0.0,0.0
DISKREAD,T0487,0.0,0.0,0.0
DISKREAD,T0488,0.0,0.0,0.0
DISKREAD,T0489,0.0,0.0,0.0
DISKREAD,T0490,0.0,0.0,0.0
DISKREAD,T0491,0.0,0.0,0.0
DISKREAD,T0492,0.0,0.0,0.0
DISKREAD,T0493,0.0,0.0,0.0
DISKREAD,T0494,0.0,0.0,0.0
DISKREAD,T0495,0.0,0.0,0.0
DISKREAD,T0496,0.0,0.0,0.0
DISKREAD,T0497,0.0,0.0,0.0
DISKREAD,T0498,0.0,0.0,0.0
DISKREAD,T0499,0.0,0.0,0.0
DISKREAD,T0500,0.0,0.0,0.0
DISKREAD,T0501,0.0,0.0,0.0
DISKREAD,T0502,0.0,0.0,0.0
DISKREAD,T0503,0.0,0.0,0.0
DISKREAD,T0504,0.0,0.0,0.0
DISKREAD,T0505,0.0,0.0,0.0
DISKREAD,T0506,0.0,0.0,0.0
DISKREAD,T0507,0.0,0.0,0.0
DISKREAD,T0508,0.0,0.0,0.0
DISKREAD,T0509,0.0,0.0,0.0
DISKREAD,T0510,0.0,0.0,0.0
DISKREAD,T0511,0.0,0.0,0.0
DISKREAD,T0512,0.0,0.0,0.0
DISKREAD,T0513,0.0,0.0,0.0
DISKREAD,T0514,0.0,0.0,0.0
DISKREAD,T0515,0.0,0.0,0.0
DISKREAD,T0516,0.0,0.0,0.0
DISKREAD,T0517,0.0,0.0,0.0
DISKREAD,T0518,0.0,0.0,0.0
DISKREAD,T0519,0.0,0.0,0.0
DISKREAD,T0520,0.0,0.0,0.0
DISKREAD,T0521,0.0,0.0,0.0
DISKREAD,T0522,0.0,0.0,0.0
DISKREAD,T0523,0.0,0.0,0.0
DISKREAD,T0524,0.0,0.0,0.0
DISKREAD,T0525,0.0,0.0,0.0
DISKREAD,T0526,0.0,0.0,0.0
DISKREAD,T0527,0.0,0.0,0.0
DISKREAD,T0528,0.0,0.0,0.0
DISKREAD,T0529,0.0,0.0,0.0
DISKREAD,T0530,0.0,0.0,0.0
DISKREAD,T0531,0.0,0.0,0.0
DISKREAD,T0532,0.0,0.0,0.0
DISKREAD,T0533,0.0,0.0,0.0
DISKREAD,T0534,0.0,0.0,0.0
DISKREAD,T0535,0.0,0.0,0.0
DISKREAD,T0536,0.0,0.0,0.0
DISKREAD,T0537,0.0,0.0,0.0
DISKREAD,T0538,0.0,0.0,0.0
DISKREAD,T0539,0.0,0.0,0.0
DISKREAD,T0540,0.0,0.0,0.0
DISKREAD,T0541,0.0,0.0,0.0
DISKREAD,T0542,0.0,0.0,0.0
DISKREAD,T0543,0.0,0.0,0.0
DISKREAD,T0544,0.0,0.0,0.0
DISKREAD,T0545,0.0,0.0,0.0
DISKREAD,T0546,0.0,0.0,0.0
DISKREAD,T0547,0.0,0.0,0.0
DISKREAD,T0548,0.0,0.0,0.0
DISKREAD,T0549,0.0,0.0,0.0
DISKREAD,T0550,0.0,0.0,0.0
DISKREAD,T0551,0.0,0.0,0.0
DISKREAD,T0552,0.0,0.0,0.0
DISKREAD,T0553,0.0,0.0,0.0
DISKREAD,T0554,0.0,0.0,0.0
DISKREAD,T0555,0.0,0.0,0.0
DISKREAD,T0556,0.0,0.0,0.0
DISKREAD,T0557,0.0,0.0,0.0
DISKREAD,T0558,0.0,0.0,0.0
DISKREAD,T0559,0.0,0.0,0.0
DISKREAD,T0560,0.0,0.0,0.0
DISKREAD,T0561,0.0,0.0,0.0
DISKREAD,T0562,0.0,0.0,0.0
DISKREAD,T0563,0.0,0.0,0.0
DISKREAD,T0564,0.0,0.0,0.0
DISKREAD,T0565,0.0,0.0,0.0
DISKREAD,T0566,0.0,0.0,0.0
DISKREAD,T0567,0.0,0.0,0.0
DISKREAD,T0568,0.0,0.0,0.0
DISKREAD,T0569,0.0,0.0,0.0
DISKREAD,T0570,0.0,0.0,0.0
DISKREAD,T0571,0.0,0.0,0.0
DISKREAD,T0572,0.0,0.0,0.0
DISKREAD,T0573,0.0,0.0,0.0
DISKREAD,T0574,0.0,0.0,0.0
DISKREAD,T0575,0.0,0.0,0.0
DISKREAD,T0576,0.0,0.0,0.0
DISKREAD,T0577,0.0,0.0,0.0
DISKREAD,T0578,0.0,0.0,0.0
DISKREAD,T0579,0.0,0.0,0.0
DISKREAD,T0580,0.0,0.0,0.0
DISKREAD,T0581,0.0,0.0,0.0
DISKREAD,T0582,0.0,0.0,0.0
DISKREAD,T0583,0.0,0.0,0.0
DISKREAD,T0584,0.0,0.0,0.0
DISKREAD,T0585,0.0,0.0,0.0
DISKREAD,T0586,0.0,0.0,0.0
DISKREAD,T0587,0.0,0.0,0.0
DISKREAD,T0588,0.0,0.0,0.0
DISKREAD,T0589,0.0,0.0,0.0
DISKREAD,T0590,0.0,0.0,0.0
DISKREAD,T0591,0.0,0.0,0.0
DISKREAD,T0592,0.0,0.0,0.0
DISKREAD,T0593,0.0,0.0,0.0
DISKREAD,T0594,0.0,0.0,0.0
DISKREAD,T0595,0.0,0.0,0.0
DISKREAD,T0596,0.0,0.0,0.0
DISKREAD,T0597,0.0,0.0,0.0
DISKREAD,T0598,0.0,0.0,0.0
DISKREAD,T0599,0.0,0.0,0.0
DISKREAD,T0600,0.0,0.0,0.0
DISKREAD,T0601,0.0,0.0,0.0
DISKREAD,T0602,0.0,0.0,0.0
DISKREAD,T0603,0.0,0.0,0.0
DISKREAD,T0604,0.0,0.0,0.0
DISKREAD,T0605,0.0,0.0,0.0
DISKREAD,T0606,0.0,0.0,0.0
DISKREAD,T0607,0.0,0.0,0.0
DISKREAD,T0608,0.0,0.0,0.0
DISKREAD,T0609,0.0,0.0,0.0
DISKREAD,T0610,0.0,0.0,0.0
DISKREAD,T0611,0.0,0.0,0.0
DISKREAD,T0612,0.0,0.0,0.0
DISKREAD,T0613,0.0,0.0,0.0
DISKREAD,T0614,0.0,0.0,0.0
DISKREAD,T0615,0.0,0.0,0.0
DISKREAD,T0616,0.0,0.0,0.0
DISKREAD,T0617,0.0,0.0,0.0
DISKREAD,T0618,0.0,0.0,0.0
DISKREAD,T0619,0.0,0.0,0.0
DISKREAD,T0620,0.0,0.0,0.0
DISKREAD,T0621,0.0,0.0,0.0
DISKREAD,T0622,0.0,0.0,0.0
DISKREAD,T0623,0.0,0.0,0.0
DISKREAD,T0624,0.0,0.0,0.0
DISKREAD,T0625,0.0,0.0,0.0
DISKREAD,T0626,0.0,0.0,0.0
DISKREAD,T0627,0.0,0.0,0.0
DISKREAD,T0628,0.0,0.0,0.0
DISKREAD,T0629,0.0,0.0,0.0
DISKREAD,T0630,0.0,0.0,0.0
DISKREAD,T0631,0.0,0.0,0.0
DISKREAD,T0632,0.0,0.0,0.0
DISKREAD,T0633,0.0,0.0,0.0
DISKREAD,T0634,0.0,0.0,0.0
DISKREAD,T0635,0.0,0.0,0.0
DISKREAD,T0636,0.0,0.0,0.0
DISKREAD,T0637,0.0,0.0,0.0
DISKREAD,T0638,0.0,0.0,0.0
DISKREAD,T0639,0.0,0.0,0.0
DISKREAD,T0640,0.0,0.0,0.0
DISKREAD,T0641,0.0,0.0,0.0
DISKREAD,T0642,0.0,0.0,0.0
DISKREAD,T0643,0.0,0.0,0.0
DISKREAD,T0644,0.0,0.0,0.0
DISKREAD,T0645,0.0,0.0,0.0
DISKREAD,T0646,0.0,0.0,0.0
DISKREAD,T0647,0.0,0.0,0.0
DISKREAD,T0648,0.0,0.0,0.0
DISKREAD,T0649,0.0,0.0,0.0
DISKREAD,T0650,0.0,0.0,0.0
DISKREAD,T0651,0.0,0.0,0.0
DISKREAD,T0652,0.0,0.0,0.0
DISKREAD,T0653,0.0,0.0,0.0
DISKREAD,T0654,0.0,0.0,0.0
DISKREAD,T0655,0.0,0.0,0.0
DISKREAD,T0656,0.0,0.0,0.0
DISKREAD,T0657,0.0,0.0,0.0
DISKREAD,T0658,0.0,0.0,0.0
DISKREAD,T0659,0.0,0.0,0.0
DISKREAD,T0660,0.0,0.0,0.0
DISKREAD,T0661,0.0,0.0,0.0
DISKREAD,T0662,0.0,0.0,0.0
DISKREAD,T0663,0.0,0.0,0.0
DISKREAD,T0664,0.0,0.0,0.0
DISKREAD,T0665,0.0,0.0,0.0
DISKREAD,T0666,0.0,0.0,0.0
DISKREAD,T0667,0.0,0.0,0.0
DISKREAD,T0668,0.0,0.0,0.0
DISKREAD,T0669,0.0,0.0,0.0
DISKREAD,T0670,0.0,0.0,0.0
DISKREAD,T0671,0.0,0.0,0.0
DISKREAD,T0672,0.0,0.0,0.0
DISKREAD,T0673,0.0,0.0,0.0
DISKREAD,T0674,0.0,0.0,0.0
DISKREAD,T0675,0.0,0.0,0.0
DISKREAD,T0676,0.0,0.0,0.0
DISKREAD,T0677,0.0,0.0,0.0
DISKREAD,T0678,0.0,0.0,0.0
DISKREAD,T0679,0.0,0.0,0.0
DISKREAD,T0680,0.0,0.0,0.0
DISKREAD,T0681,0.0,0.0,0.0
DISKREAD,T0682,0.0,0.0,0.0
DISKREAD,T0683,0.0,0.0,0.0
DISKREAD,T0684,0.0,0.0,0.0
DISKREAD,T0685,0.0,0.0,0.0
DISKREAD,T0686,0.0,0.0,0.0
DISKREAD,T0687,0.0,0.0,0.0
DISKREAD,T0688,0.0,0.0,0.0
DISKREAD,T0689,0.0,0.0,0.0
DISKREAD,T0690,0.0,0.0,0.0
DISKREAD,T0691,0.0,0.0,0.0
DISKREAD,T0692,0.0,0.0,0.0
DISKREAD,T0693,0.0,0.0,0.0
DISKREAD,T0694,0.0,0.0,0.0
DISKREAD,T0695,0.0,0.0,0.0
DISKREAD,T0696,0.0,0.0,0.0
DISKREAD,T0697,0.0,0.0,0.0
DISKREAD,T0698,0.0,0.0,0.0
DISKREAD,T0699,0.0,0.0,0.0
DISKREAD,T0700,0.0,0.0,0.0
DISKREAD,T0701,0.0,0.0,0.0
DISKREAD,T0702,0.0,0.0,0.0
DISKREAD,T0703,0.0,0.0,0.0
DISKREAD,T0704,0.0,0.0,0.0
DISKREAD,T0705,0.0,0.0,0.0
DISKREAD,T0706,0.0,0.0,0.0
DISKREAD,T0707,0.0,0.0,0.0
DISKREAD,T0708,0.0,0.0,0.0
DISKREAD,T0709,0.0,0.0,0.0
DISKREAD,T0710,0.0,0.0,0.0
DISKREAD,T0711,0.0,0.0,0.0
DISKREAD,T0712,0.0,0.0,0.0
DISKREAD,T0713,0.0,0.0,0.0
DISKREAD,T0714,0.0,0.0,0.0
DISKREAD,T0715,0.0,0.0,0.0
DISKREAD,T0716,0.0,0.0,0.0
DISKREAD,T0717,0.0,0.0,0.0
DISKREAD,T0718,0.0,0.0,0.0
DISKREAD,T0719,0.0,0.0,0.0
DISKREAD,T0720,0.0,0.0,0.0
DISKREAD,T0721,0.0,0.0,0.0
DISKREAD,T0722,0.0,0.0,0.0
DISKREAD,T0723,0.0,0.0,0.0
DISKREAD,T0724,0.0,0.0,0.0
DISKREAD,T0725,0.0,0.0,0.0
DISKREAD,T0726,0.0,0.0,0.0
DISKREAD,T0727,0.0,0.0,0.0
DISKREAD,T0728,0.0,0.0,0.0
DISKREAD,T0729,0.0,0.0,0.0
DISKREAD,T0730,0.0,0.0,0.0
DISKREAD,T0731,0.0,0.0,0.0
DISKREAD,T0732,0.0,0.0,0.0
DISKREAD,T0733,0.0,0.0,0.0
DISKREAD,T0734,0.0,0.0,0.0
DISKREAD,T0735,0.0,0.0,0.0
DISKREAD,T0736,0.0,0.0,0.0
DISKREAD,T0737,0.0,0.0,0.0
DISKREAD,T0738,0.0,0.0,0.0
DISKREAD,T0739,0.0,0.0,0.0
DISKREAD,T0740,0.0,0.0,0.0
DISKREAD,T0741,0.0,0.0,0.0
DISKREAD,T0742,0.0,0.0,0.0
DISKREAD,T0743,0.0,0.0,0.0
DISKREAD,T0744,0.0,0.0,0.0
DISKREAD,T0745,0.0,0.0,0.0
DISKREAD,T0746,0.0,0.0,0.0
DISKREAD,T0747,0.0,0.0,0.0
DISKREAD,T0748,0.0,0.0,0.0
DISKREAD,T0749,0.0,0.0,0.0
DISKREAD,T0750,0.0,0.0,0.0
DISKREAD,T0751,0.0,0.0,0.0
DISKREAD,T0752,0.0,0.0,0.0
DISKREAD,T0753,0.0,0.0,0.0
DISKREAD,T0754,0.0,0.0,0.0
DISKREAD,T0755,0.0,0.0,0.0
DISKREAD,T0756,0.0,0.0,0.0
DISKREAD,T0757,0.0,0.0,0.0
DISKREAD,T0758,0.0,0.0,0.0
DISKREAD,T0759,0.0,0.0,0.0
DISKREAD,T0760,0.0,0.0,0.0
DISKREAD,T0761,0.0,0.0,0.0
DISKREAD,T0762,0.0,0.0,0.0
DISKREAD,T0763,0.0,0.0,0.0
DISKREAD,T0764,0.0,0.0,0.0
DISKREAD,T0765,0.0,0.0,0.0
DISKREAD,T0766,0.0,0.0,0.0
DISKREAD,T0767,0.0,0.0,0.0
DISKREAD,T0768,0.0,0.0,0.0
DISKREAD,T0769,0.0,0.0,0.0
DISKREAD,T0770,0.0,0.0,0.0
DISKREAD,T0771,0.0,0.0,0.0
DISKREAD,T0772,0.0,0.0,0.0
DISKREAD,T0773,0.0,0.0,0.0
DISKREAD,T0774,0.0,0.0,0.0
DISKREAD,T0775,0.0,0.0,0.0
DISKREAD,T0776,0.0,0.0,0.0
DISKREAD,T0777,0.0,0.0,0.0
DISKREAD,T0778,0.0,0.0,0.0
DISKREAD,T0779,0.0,0.0,0.0
DISKREAD,T0780,0.0,0.0,0.0
DISKREAD,T0781,0.0,0.0,0.0
DISKREAD,T0782,0.0,0.0,0.0
DISKREAD,T0783,0.0,0.0,0.0
DISKREAD,T0784,0.0,0.0,0.0
DISKREAD,T0785,0.0,0.0,0.0
DISKREAD,T0786,0.0,0.0,0.0
DISKREAD,T0787,0.0,0.0,0.0
DISKREAD,T0788,0.0,0.0,0.0
DISKREAD,T0789,0.0,0.0,0.0
DISKREAD,T0790,0.0,0.0,0.0
DISKREAD,T0791,0.0,0.0,0.0
DISKREAD,T0792,0.0,0.0,0.0
DISKREAD,T0793,0.0,0.0,0.0
DISKREAD,T0794,0.0,0.0,0.0
DISKREAD,T0795,0.0,0.0,0.0
DISKREAD,T0796,0.0,0.0,0.0
DISKREAD,T0797,0.0,0.0,0.0
DISKREAD,T0798,0.0,0.0,0.0
DISKREAD,T0799,0.0,0.0,0.0
DISKREAD,T0800,0.0,0.0,0.0
DISKREAD,T0801,0.0,0.0,0.0
DISKREAD,T0802,0.0,0.0,0.0
DISKREAD,T0803,0.0,0.0,0.0
DISKREAD,T0804,0.0,0.0,0.0
DISKREAD,T0805,0.0,0.0,0.0
DISKREAD,T0806,0.0,0.0,0.0
DISKREAD,T0807,0.0,0.0,0.0
DISKREAD,T0808,0.0,0.0,0.0
DISKREAD,T0809,0.0,0.0,0.0
DISKREAD,T0810,0.0,0.0,0.0
DISKREAD,T0811,0.0,0.0,0.0
DISKREAD,T0812,0.0,0.0,0.0
DISKREAD,T0813,0.0,0.0,0.0
DISKREAD,T0814,0.0,0.0,0.0
DISKREAD,T0815,0.0,0.0,0.0
DISKREAD,T0816,0.0,0.0,0.0
DISKREAD,T0817,0.0,0.0,0.0
DISKREAD,T0818,0.0,0.0,0.0
DISKREAD,T0819,0.0,0.0,0.0
DISKREAD,T0820,0.0,0.0,0.0
DISKREAD,T0821,0.0,0.0,0.0
DISKREAD,T0822,0.0,0.0,0.0
DISKREAD,T0823,0.0,0.0,0.0
DISKREAD,T0824,0.0,0.0,0.0
DISKREAD,T0825,0.0,0.0,0.0
DISKREAD,T0826,0.0,0.0,0.0
DISKREAD,T0827,0.0,0.0,0.0
DISKREAD,T0828,0.0,0.0,0.0
DISKREAD,T0829,0.0,0.0,0.0
DISKREAD,T0830,0.0,0.0,0.0
DISKREAD,T0831,0.0,0.0,0.0
DISKREAD,T0832,0.0,0.0,0.0
DISKREAD,T0833,0.0,0.0,0.0
DISKREAD,T0834,0.0,0.0,0.0
DISKREAD,T0835,0.0,0.0,0.0
DISKREAD,T0836,0.0,0.0,0.0
DISKREAD,T0837,0.0,0.0,0.0
DISKREAD,T0838,0.0,0.0,0.0
DISKREAD,T0839,0.0,0.0,0.0
DISKREAD,T0840,0.0,0.0,0.0
DISKREAD,T0841,0.0,0.0,0.0
DISKREAD,T0842,0.0,0.0,0.0
DISKREAD,T0843,0.0,0.0,0.0
DISKREAD,T0844,0.0,0.0,0.0
DISKREAD,T0845,0.0,0.0,0.0
DISKREAD,T0846,0.0,0.0,0.0
DISKREAD,T0847,0.0,0.0,0.0
DISKREAD,T0848,0.0,0.0,0.0
DISKREAD,T0849,0.0,0.0,0.0
DISKREAD,T0850,0.0,0.0,0.0
DISKREAD,T0851,0.0,0.0,0.0
DISKREAD,T0852,0.0,0.0,0.0
DISKREAD,T0853,0.0,0.0,0.0
DISKREAD,T0854,0.0,0.0,0.0
DISKREAD,T0855,0.0,0.0,0.0
DISKREAD,T0856,0.0,0.0,0.0
DISKREAD,T0857,0.0,0.0,0.0
DISKREAD,T0858,0.0,0.0,0.0
DISKREAD,T0859,0.0,0.0,0.0
DISKREAD,T0860,0.0,0.0,0.0
DISKREAD,T0861,0.0,0.0,0.0
DISKREAD,T0862,0.0,0.0,0.0
DISKREAD,T0863,0.0,0.0,0.0
DISKREAD,T0864,0.0,0.0,0.0
DISKREAD,T0865,0.0,0.0,0.0
DISKREAD,T0866,0.0,0.0,0.0
DISKREAD,T0867,0.0,0.0,0.0
DISKREAD,T0868,0.0,0.0,0.0
DISKREAD,T0869,0.0,0.0,0.0
DISKREAD,T0870,0.0,0.0,0.0
DISKREAD,T0871,0.0,0.0,0.0
DISKREAD,T0872,0.0,0.0,0.0
DISKREAD,T0873,0.0,0.0,0.0
DISKREAD,T0874,0.0,0.0,0.0
DISKREAD,T0875,0.0,0.0,0.0
DISKREAD,T0876,0.0,0.0,0.0
DISKREAD,T0877,0.0,0.0,0.0
DISKREAD,T0878,0.0,0.0,0.0
DISKREAD,T0879,0.0,0.0,0.0
DISKREAD,T0880,0.0,0.0,0.0
DISKREAD,T0881,0.0,0.0,0.0
DISKREAD,T0882,0.0,0.0,0.0
DISKREAD,T0883,0.0,0.0,0.0
DISKREAD,T0884,0.0,0.0,0.0
DISKREAD,T0885,0.0,0.0,0.0
DISKREAD,T0886,0.0,0.0,0.0
DISKREAD,T0887,0.0,0.0,0.0
DISKREAD,T0888,0.0,0.0,0.0
DISKREAD,T0889,0.0,0.0,0.0
DISKREAD,T0890,0.0,0.0,0.0
DISKREAD,T0891,0.0,0.0,0.0
DISKREAD,T0892,0.0,0.0,0.0
DISKREAD,T0893,0.0,0.0,0.0
DISKREAD,T0894,0.0,0.0,0.0
DISKREAD,T0895,0.0,0.0,0.0
DISKREAD,T0896,0.0,0.0,0.0
DISKREAD,T0897,0.0,0.0,0.0
DISKREAD,T0898,0.0,0.0,0.0
DISKREAD,T0899,0.0,0.0,0.0
DISKREAD,T0900,0.0,0.0,0.0
DISKREAD,T0901,0.0,0.0,0.0
DISKREAD,T0902,0.0,0.0,0.0
DISKREAD,T0903,0.0,0.0,0.0
DISKREAD,T0904,0.0,0.0,0.0
DISKREAD,T0905,0.0,0.0,0.0
DISKREAD,T0906,0.0,0.0,0.0
DISKREAD,T0907,0.0,0.0,0.0
DISKREAD,T0908,0.0,0.0,0.0
DISKREAD,T0909,0.0,0.0,0.0
DISKREAD,T0910,0.0,0.0,0.0
DISKREAD,T0911,0.0,0.0,0.0
DISKREAD,T0912,0.0,0.0,0.0
DISKREAD,T0913,0.0,0.0,0.0
DISKREAD,T0914,0.0,0.0,0.0
DISKREAD,T0915,0.0,0.0,0.0
DISKREAD,T0916,0.0,0.0,0.0
DISKREAD,T0917,0.0,0.0,0.0
DISKREAD,T0918,0.0,0.0,0.0
DISKREAD,T0919,0.0,0.0,0.0
DISKREAD,T0920,0.0,0.0,0.0
DISKREAD,T0921,0.0,0.0,0.0
DISKREAD,T0922,0.0,0.0,0.0
DISKREAD,T0923,0.0,0.0,0.0
DISKREAD,T0924,0.0,0.0,0.0
DISKREAD,T0925,0.0,0.0,0.0
DISKREAD,T0926,0.0,0.0,0.0
DISKREAD,T0927,0.0,0.0,0.0
DISKREAD,T0928,0.0,0.0,0.0
DISKREAD,T0929,0.0,0.0,0.0
DISKREAD,T0930,0.0,0.0,0.0
DISKREAD,T0931,0.0,0.0,0.0
DISKREAD,T0932,0.0,0.0,0.0
DISKREAD,T0933,0.0,0.0,0.0
DISKREAD,T0934,0.0,0.0,0.0
DISKREAD,T0935,0.0,0.0,0.0
DISKREAD,T0936,0.0,0.0,0.0
DISKREAD,T0937,0.0,0.0,0.0
DISKREAD,T0938,0.0,0.0,0.0
DISKREAD,T0939,0.0,0.0,0.0
DISKREAD,T0940,0.0,0.0,0.0
DISKREAD,T0941,0.0,0.0,0.0
DISKREAD,T0942,0.0,0.0,0.0
DISKREAD,T0943,0.0,0.0,0.0
DISKREAD,T0944,0.0,0.0,0.0
DISKREAD,T0945,0.0,0.0,0.0
DISKREAD,T0946,0.0,0.0,0.0
DISKREAD,T0947,0.0,0.0,0.0
DISKREAD,T0948,0.0,0.0,0.0
DISKREAD,T0949,0.0,0.0,0.0
DISKREAD,T0950,0.0,0.0,0.0
DISKREAD,T0951,0.0,0.0,0.0
DISKREAD,T0952,0.0,0.0,0.0
DISKREAD,T0953,0.0,0.0,0.0
DISKREAD,T0954,0.0,0.0,0.0
DISKREAD,T0955,0.0,0.0,0.0
DISKREAD,T0956,0.0,0.0,0.0
DISKREAD,T0957,0.0,0.0,0.0
DISKREAD,T0958,0.0,0.0,0.0
DISKREAD,T0959,0.0,0.0,0.0
DISKREAD,T0960,0.0,0.0,0.0
DISKREAD,T0961,0.0,0.0,0.0
DISKREAD,T0962,0.0,0.0,0.0
DISKREAD,T0963,0.0,0.0,0.0
DISKREAD,T0964,0.0,0.0,0.0
DISKREAD,T0965,0.0,0.0,0.0
DISKREAD,T0966,0.0,0.0,0.0
DISKREAD,T0967,0.0,0.0,0.0
DISKREAD,T0968,0.0,0.0,0.0
DISKREAD,T0969,0.0,0.0,0.0
DISKREAD,T0970,0.0,0.0,0.0
DISKREAD,T0971,0.0,0.0,0.0
DISKREAD,T0972,0.0,0.0,0.0
DISKREAD,T0973,0.0,0.0,0.0
DISKREAD,T0974,0.0,0.0,0.0
DISKREAD,T0975,0.0,0.0,0.0
DISKREAD,T0976,0.0,0.0,0.0
DISKREAD,T0977,0.0,0.0,0.0
DISKREAD,T0978,0.0,0.0,0.0
DISKREAD,T0979,0.0,0.0,0.0
DISKREAD,T0980,0.0,0.0,0.0
DISKREAD,T0981,0.0,0.0,0.0
DISKREAD,T0982,0.0,0.0,0.0
DISKREAD,T0983,0.0,0.0,0.0
DISKREAD,T0984,0.0,0.0,0.0
DISKREAD,T0985,0.0,0.0,0.0
DISKREAD,T0986,0.0,0.0,0.0
DISKREAD,T0987,0.0,0.0,0.0
DISKREAD,T0988,0.0,0.0,0.0
DISKREAD,T0989,0.0,0.0,0.0
DISKREAD,T0990,0.0,0.0,0.0
DISKREAD,T0991,0.0,0.0,0.0
DISKREAD,T0992,0.0,0.0,0.0
DISKREAD,T0993,0.0,0.0,0.0
DISKREAD,T0994,0.0,0.0,0.0
DISKREAD,T0995,0.0,0.0,0.0
DISKREAD,T0996,0.0,0.0,0.0
DISKREAD,T0997,0.0,0.0,0.0
DISKREAD,T0998,0.0,0.0,0.0
DISKREAD,T0999,0.0,0.0,0.0
DISKREAD,T1000,0.0,0.0,0.0
