JFSFILE,JFS Filespace %Used VM-12-13-centos,/dev,/run,/
JFSFILE,T0001,0.0,0.0,9.6
JFSFILE,T0002,0.0,0.0,9.6
JFSFILE,T0003,0.0,0.0,9.6
JFSFILE,T0004,0.0,0.0,9.6
JFSFILE,T0005,0.0,0.0,9.6
JFSFILE,T0006,0.0,0.0,9.6
JFSFILE,T0007,0.0,0.0,9.6
JFSFILE,T0008,0.0,0.0,9.6
JFSFILE,T0009,0.0,0.0,9.6
JFSFILE,T0010,0.0,0.0,9.6
JFSFILE,T0011,0.0,0.0,9.6
JFSFILE,T0012,0.0,0.0,9.6
JFSFILE,T0013,0.0,0.0,9.6
JFSFILE,T0014,0.0,0.0,9.6
JFSFILE,T0015,0.0,0.0,9.6
JFSFILE,T0016,0.0,0.0,9.6
JFSFILE,T0017,0.0,0.0,9.6
JFSFILE,T0018,0.0,0.0,9.6
JFSFILE,T0019,0.0,0.0,9.6
JFSFILE,T0020,0.0,0.0,9.6
JFSFILE,T0021,0.0,0.0,9.6
JFSFILE,T0022,0.0,0.0,9.6
JFSFILE,T0023,0.0,0.0,9.6
JFSFILE,T0024,0.0,0.0,9.6
JFSFILE,T0025,0.0,0.0,9.6
JFSFILE,T0026,0.0,0.0,9.6
JFSFILE,T0027,0.0,0.0,9.6
JFSFILE,T0028,0.0,0.0,9.6
JFSFILE,T0029,0.0,0.0,9.6
JFSFILE,T0030,0.0,0.0,9.6
JFSFILE,T0031,0.0,0.0,9.6
JFSFILE,T0032,0.0,0.0,9.6
JFSFILE,T0033,0.0,0.0,9.6
JFSFILE,T0034,0.0,0.0,9.6
JFSFILE,T0035,0.0,0.0,9.6
JFSFILE,T0036,0.0,0.0,9.6
JFSFILE,T0037,0.0,0.0,9.6
JFSFILE,T0038,0.0,0.0,9.6
JFSFILE,T0039,0.0,0.0,9.6
JFSFILE,T0040,0.0,0.0,9.6
JFSFILE,T0041,0.0,0.0,9.6
JFSFILE,T0042,0.0,0.0,9.6
JFSFILE,T0043,0.0,0.0,9.6
JFSFILE,T0044,0.0,0.0,9.6
JFSFILE,T0045,0.0,0.0,9.6
JFSFILE,T0046,0.0,0.0,9.6
JFSFILE,T0047,0.0,0.0,9.6
JFSFILE,T0048,0.0,0.0,9.6
JFSFILE,T0049,0.0,0.0,9.6
JFSFILE,T0050,0.0,0.0,9.6
JFSFILE,T0051,0.0,0.0,9.6
JFSFILE,T0052,0.0,0.0,9.6
JFSFILE,T0053,0.0,0.0,9.6
JFSFILE,T0054,0.0,0.0,9.6
JFSFILE,T0055,0.0,0.0,9.6
JFSFILE,T0056,0.0,0.0,9.6
JFSFILE,T0057,0.0,0.0,9.6
JFSFILE,T0058,0.0,0.0,9.6
JFSFILE,T0059,0.0,0.0,9.6
JFSFILE,T0060,0.0,0.0,9.6
JFSFILE,T0061,0.0,0.0,9.6
JFSFILE,T0062,0.0,0.0,9.6
JFSFILE,T0063,0.0,0.0,9.6
JFSFILE,T0064,0.0,0.0,9.6
JFSFILE,T0065,0.0,0.0,9.6
JFSFILE,T0066,0.0,0.0,9.6
JFSFILE,T0067,0.0,0.0,9.6
JFSFILE,T0068,0.0,0.0,9.6
JFSFILE,T0069,0.0,0.0,9.6
JFSFILE,T0070,0.0,0.0,9.6
JFSFILE,T0071,0.0,0.0,9.6
JFSFILE,T0072,0.0,0.0,9.6
JFSFILE,T0073,0.0,0.0,9.6
JFSFILE,T0074,0.0,0.0,9.6
JFSFILE,T0075,0.0,0.0,9.6
JFSFILE,T0076,0.0,0.0,9.6
JFSFILE,T0077,0.0,0.0,9.6
JFSFILE,T0078,0.0,0.0,9.6
JFSFILE,T0079,0.0,0.0,9.6
JFSFILE,T0080,0.0,0.0,9.6
JFSFILE,T0081,0.0,0.0,9.6
JFSFILE,T0082,0.0,0.0,9.6
JFSFILE,T0083,0.0,0.0,9.6
JFSFILE,T0084,0.0,0.0,9.6
JFSFILE,T0085,0.0,0.0,9.6
JFSFILE,T0086,0.0,0.0,9.6
JFSFILE,T0087,0.0,0.0,9.6
JFSFILE,T0088,0.0,0.0,9.6
JFSFILE,T0089,0.0,0.0,9.6
JFSFILE,T0090,0.0,0.0,9.6
JFSFILE,T0091,0.0,0.0,9.6
JFSFILE,T0092,0.0,0.0,9.6
JFSFILE,T0093,0.0,0.0,9.6
JFSFILE,T0094,0.0,0.0,9.6
JFSFILE,T0095,0.0,0.0,9.6
JFSFILE,T0096,0.0,0.0,9.6
JFSFILE,T0097,0.0,0.0,9.6
JFSFILE,T0098,0.0,0.0,9.6
JFSFILE,T0099,0.0,0.0,9.6
JFSFILE,T0100,0.0,0.0,9.6
JFSFILE,T0101,0.0,0.0,9.6
JFSFILE,T0102,0.0,0.0,9.6
JFSFILE,T0103,0.0,0.0,9.6
JFSFILE,T0104,0.0,0.0,9.6
JFSFILE,T0105,0.0,0.0,9.6
JFSFILE,T0106,0.0,0.0,9.6
JFSFILE,T0107,0.0,0.0,9.6
JFSFILE,T0108,0.0,0.0,9.6
JFSFILE,T0109,0.0,0.0,9.6
JFSFILE,T0110,0.0,0.0,9.6
JFSFILE,T0111,0.0,0.0,9.6
JFSFILE,T0112,0.0,0.0,9.6
JFSFILE,T0113,0.0,0.0,9.6
JFSFILE,T0114,0.0,0.0,9.6
JFSFILE,T0115,0.0,0.0,9.6
JFSFILE,T0116,0.0,0.0,9.6
JFSFILE,T0117,0.0,0.0,9.6
JFSFILE,T0118,0.0,0.0,9.6
JFSFILE,T0119,0.0,0.0,9.6
JFSFILE,T0120,0.0,0.0,9.6
JFSFILE,T0121,0.0,0.0,9.6
JFSFILE,T0122,0.0,0.0,9.6
JFSFILE,T0123,0.0,0.0,9.6
JFSFILE,T0124,0.0,0.0,9.6
JFSFILE,T0125,0.0,0.0,9.6
JFSFILE,T0126,0.0,0.0,9.6
JFSFILE,T0127,0.0,0.0,9.6
JFSFILE,T0128,0.0,0.0,9.6
JFSFILE,T0129,0.0,0.0,9.6
JFSFILE,T0130,0.0,0.0,9.6
JFSFILE,T0131,0.0,0.0,9.6
JFSFILE,T0132,0.0,0.0,9.6
JFSFILE,T0133,0.0,0.0,9.6
JFSFILE,T0134,0.0,0.0,9.6
JFSFILE,T0135,0.0,0.0,9.6
JFSFILE,T0136,0.0,0.0,9.6
JFSFILE,T0137,0.0,0.0,9.6
JFSFILE,T0138,0.0,0.0,9.6
JFSFILE,T0139,0.0,0.0,9.6
JFSFILE,T0140,0.0,0.0,9.6
JFSFILE,T0141,0.0,0.0,9.6
JFSFILE,T0142,0.0,0.0,9.6
JFSFILE,T0143,0.0,0.0,9.6
JFSFILE,T0144,0.0,0.0,9.6
JFSFILE,T0145,0.0,0.0,9.6
JFSFILE,T0146,0.0,0.0,9.6
JFSFILE,T0147,0.0,0.0,9.6
JFSFILE,T0148,0.0,0.0,9.6
JFSFILE,T0149,0.0,0.0,9.6
JFSFILE,T0150,0.0,0.0,9.6
JFSFILE,T0151,0.0,0.0,9.6
JFSFILE,T0152,0.0,0.0,9.6
JFSFILE,T0153,0.0,0.0,9.6
JFSFILE,T0154,0.0,0.0,9.6
JFSFILE,T0155,0.0,0.0,9.6
JFSFILE,T0156,0.0,0.0,9.6
JFSFILE,T0157,0.0,0.0,9.6
JFSFILE,T0158,0.0,0.0,9.6
JFSFILE,T0159,0.0,0.0,9.6
JFSFILE,T0160,0.0,0.0,9.6
JFSFILE,T0161,0.0,0.0,9.6
JFSFILE,T0162,0.0,0.0,9.6
JFSFILE,T0163,0.0,0.0,9.6
JFSFILE,T0164,0.0,0.0,9.6
JFSFILE,T0165,0.0,0.0,9.6
JFSFILE,T0166,0.0,0.0,9.6
JFSFILE,T0167,0.0,0.0,9.6
JFSFILE,T0168,0.0,0.0,9.6
JFSFILE,T0169,0.0,0.0,9.6
JFSFILE,T0170,0.0,0.0,9.6
JFSFILE,T0171,0.0,0.0,9.6
JFSFILE,T0172,0.0,0.0,9.6
JFSFILE,T0173,0.0,0.0,9.6
JFSFILE,T0174,0.0,0.0,9.6
JFSFILE,T0175,0.0,0.0,9.6
JFSFILE,T0176,0.0,0.0,9.6
JFSFILE,T0177,0.0,0.0,9.6
JFSFILE,T0178,0.0,0.0,9.6
JFSFILE,T0179,0.0,0.0,9.6
JFSFILE,T0180,0.0,0.0,9.6
JFSFILE,T0181,0.0,0.0,9.6
JFSFILE,T0182,0.0,0.0,9.6
JFSFILE,T0183,0.0,0.0,9.6
JFSFILE,T0184,0.0,0.0,9.6
JFSFILE,T0185,0.0,0.0,9.6
JFSFILE,T0186,0.0,0.0,9.6
JFSFILE,T0187,0.0,0.0,9.6
JFSFILE,T0188,0.0,0.0,9.6
JFSFILE,T0189,0.0,0.0,9.6
JFSFILE,T0190,0.0,0.0,9.6
JFSFILE,T0191,0.0,0.0,9.6
JFSFILE,T0192,0.0,0.0,9.6
JFSFILE,T0193,0.0,0.0,9.6
JFSFILE,T0194,0.0,0.0,9.6
JFSFILE,T0195,0.0,0.0,9.6
JFSFILE,T0196,0.0,0.0,9.6
JFSFILE,T0197,0.0,0.0,9.6
JFSFILE,T0198,0.0,0.0,9.6
JFSFILE,T0199,0.0,0.0,9.6
JFSFILE,T0200,0.0,0.0,9.6
JFSFILE,T0201,0.0,0.0,9.6
JFSFILE,T0202,0.0,0.0,9.6
JFSFILE,T0203,0.0,0.0,9.6
JFSFILE,T0204,0.0,0.0,9.6
JFSFILE,T0205,0.0,0.0,9.6
JFSFILE,T0206,0.0,0.0,9.6
JFSFILE,T0207,0.0,0.0,9.6
JFSFILE,T0208,0.0,0.0,9.6
JFSFILE,T0209,0.0,0.0,9.6
JFSFILE,T0210,0.0,0.0,9.6
JFSFILE,T0211,0.0,0.0,9.6
JFSFILE,T0212,0.0,0.0,9.6
JFSFILE,T0213,0.0,0.0,9.6
JFSFILE,T0214,0.0,0.0,9.6
JFSFILE,T0215,0.0,0.0,9.6
JFSFILE,T0216,0.0,0.0,9.6
JFSFILE,T0217,0.0,0.0,9.6
JFSFILE,T0218,0.0,0.0,9.6
JFSFILE,T0219,0.0,0.0,9.6
JFSFILE,T0220,0.0,0.0,9.6
JFSFILE,T0221,0.0,0.0,9.6
JFSFILE,T0222,0.0,0.0,9.6
JFSFILE,T0223,0.0,0.0,9.6
JFSFILE,T0224,0.0,0.0,9.6
JFSFILE,T0225,0.0,0.0,9.6
JFSFILE,T0226,0.0,0.0,9.6
JFSFILE,T0227,0.0,0.0,9.6
JFSFILE,T0228,0.0,0.0,9.6
JFSFILE,T0229,0.0,0.0,9.6
JFSFILE,T0230,0.0,0.0,9.6
JFSFILE,T0231,0.0,0.0,9.6
JFSFILE,T0232,0.0,0.0,9.6
JFSFILE,T0233,0.0,0.0,9.6
JFSFILE,T0234,0.0,0.0,9.6
JFSFILE,T0235,0.0,0.0,9.6
JFSFILE,T0236,0.0,0.0,9.6
JFSFILE,T0237,0.0,0.0,9.6
JFSFILE,T0238,0.0,0.0,9.6
JFSFILE,T0239,0.0,0.0,9.6
JFSFILE,T0240,0.0,0.0,9.6
JFSFILE,T0241,0.0,0.0,9.6
JFSFILE,T0242,0.0,0.0,9.6
JFSFILE,T0243,0.0,0.0,9.6
JFSFILE,T0244,0.0,0.0,9.6
JFSFILE,T0245,0.0,0.0,9.6
JFSFILE,T0246,0.0,0.0,9.6
JFSFILE,T0247,0.0,0.0,9.6
JFSFILE,T0248,0.0,0.0,9.6
JFSFILE,T0249,0.0,0.0,9.6
JFSFILE,T0250,0.0,0.0,9.6
JFSFILE,T0251,0.0,0.0,9.6
JFSFILE,T0252,0.0,0.0,9.6
JFSFILE,T0253,0.0,0.0,9.6
JFSFILE,T0254,0.0,0.0,9.6
JFSFILE,T0255,0.0,0.0,9.6
JFSFILE,T0256,0.0,0.0,9.6
JFSFILE,T0257,0.0,0.0,9.6
JFSFILE,T0258,0.0,0.0,9.6
JFSFILE,T0259,0.0,0.0,9.6
JFSFILE,T0260,0.0,0.0,9.6
JFSFILE,T0261,0.0,0.0,9.6
JFSFILE,T0262,0.0,0.0,9.6
JFSFILE,T0263,0.0,0.0,9.6
JFSFILE,T0264,0.0,0.0,9.6
JFSFILE,T0265,0.0,0.0,9.6
JFSFILE,T0266,0.0,0.0,9.6
JFSFILE,T0267,0.0,0.0,9.6
JFSFILE,T0268,0.0,0.0,9.6
JFSFILE,T0269,0.0,0.0,9.6
JFSFILE,T0270,0.0,0.0,9.6
JFSFILE,T0271,0.0,0.0,9.6
JFSFILE,T0272,0.0,0.0,9.6
JFSFILE,T0273,0.0,0.0,9.6
JFSFILE,T0274,0.0,0.0,9.6
JFSFILE,T0275,0.0,0.0,9.6
JFSFILE,T0276,0.0,0.0,9.6
JFSFILE,T0277,0.0,0.0,9.6
JFSFILE,T0278,0.0,0.0,9.6
JFSFILE,T0279,0.0,0.0,9.6
JFSFILE,T0280,0.0,0.0,9.6
JFSFILE,T0281,0.0,0.0,9.6
JFSFILE,T0282,0.0,0.0,9.6
JFSFILE,T0283,0.0,0.0,9.6
JFSFILE,T0284,0.0,0.0,9.6
JFSFILE,T0285,0.0,0.0,9.6
JFSFILE,T0286,0.0,0.0,9.6
JFSFILE,T0287,0.0,0.0,9.6
JFSFILE,T0288,0.0,0.0,9.6
JFSFILE,T0289,0.0,0.0,9.6
JFSFILE,T0290,0.0,0.0,9.6
JFSFILE,T0291,0.0,0.0,9.6
JFSFILE,T0292,0.0,0.0,9.6
JFSFILE,T0293,0.0,0.0,9.6
JFSFILE,T0294,0.0,0.0,9.6
JFSFILE,T0295,0.0,0.0,9.6
JFSFILE,T0296,0.0,0.0,9.6
JFSFILE,T0297,0.0,0.0,9.6
JFSFILE,T0298,0.0,0.0,9.6
JFSFILE,T0299,0.0,0.0,9.6
JFSFILE,T0300,0.0,0.0,9.6
JFSFILE,T0301,0.0,0.0,9.6
JFSFILE,T0302,0.0,0.0,9.6
JFSFILE,T0303,0.0,0.0,9.6
JFSFILE,T0304,0.0,0.0,9.6
JFSFILE,T0305,0.0,0.0,9.6
JFSFILE,T0306,0.0,0.0,9.6
JFSFILE,T0307,0.0,0.0,9.6
JFSFILE,T0308,0.0,0.0,9.6
JFSFILE,T0309,0.0,0.0,9.6
JFSFILE,T0310,0.0,0.0,9.6
JFSFILE,T0311,0.0,0.0,9.6
JFSFILE,T0312,0.0,0.0,9.6
JFSFILE,T0313,0.0,0.0,9.6
JFSFILE,T0314,0.0,0.0,9.6
JFSFILE,T0315,0.0,0.0,9.6
JFSFILE,T0316,0.0,0.0,9.6
JFSFILE,T0317,0.0,0.0,9.6
JFSFILE,T0318,0.0,0.0,9.6
JFSFILE,T0319,0.0,0.0,9.6
JFSFILE,T0320,0.0,0.0,9.6
JFSFILE,T0321,0.0,0.0,9.6
JFSFILE,T0322,0.0,0.0,9.6
JFSFILE,T0323,0.0,0.0,9.6
JFSFILE,T0324,0.0,0.0,9.6
JFSFILE,T0325,0.0,0.0,9.6
JFSFILE,T0326,0.0,0.0,9.6
JFSFILE,T0327,0.0,0.0,9.6
JFSFILE,T0328,0.0,0.0,9.6
JFSFILE,T0329,0.0,0.0,9.6
JFSFILE,T0330,0.0,0.0,9.6
JFSFILE,T0331,0.0,0.0,9.6
JFSFILE,T0332,0.0,0.0,9.6
JFSFILE,T0333,0.0,0.0,9.6
JFSFILE,T0334,0.0,0.0,9.6
JFSFILE,T0335,0.0,0.0,9.6
JFSFILE,T0336,0.0,0.0,9.6
JFSFILE,T0337,0.0,0.0,9.6
JFSFILE,T0338,0.0,0.0,9.6
JFSFILE,T0339,0.0,0.0,9.6
JFSFILE,T0340,0.0,0.0,9.6
JFSFILE,T0341,0.0,0.0,9.6
JFSFILE,T0342,0.0,0.0,9.6
JFSFILE,T0343,0.0,0.0,9.6
JFSFILE,T0344,0.0,0.0,9.6
JFSFILE,T0345,0.0,0.0,9.6
JFSFILE,T0346,0.0,0.0,9.6
JFSFILE,T0347,0.0,0.0,9.6
JFSFILE,T0348,0.0,0.0,9.6
JFSFILE,T0349,0.0,0.0,9.6
JFSFILE,T0350,0.0,0.0,9.6
JFSFILE,T0351,0.0,0.0,9.6
JFSFILE,T0352,0.0,0.0,9.6
JFSFILE,T0353,0.0,0.0,9.6
JFSFILE,T0354,0.0,0.0,9.6
JFSFILE,T0355,0.0,0.0,9.6
JFSFILE,T0356,0.0,0.0,9.6
JFSFILE,T0357,0.0,0.0,9.6
JFSFILE,T0358,0.0,0.0,9.6
JFSFILE,T0359,0.0,0.0,9.6
JFSFILE,T0360,0.0,0.0,9.6
JFSFILE,T0361,0.0,0.0,9.6
JFSFILE,T0362,0.0,0.0,9.6
JFSFILE,T0363,0.0,0.0,9.6
JFSFILE,T0364,0.0,0.0,9.6
JFSFILE,T0365,0.0,0.0,9.6
JFSFILE,T0366,0.0,0.0,9.6
JFSFILE,T0367,0.0,0.0,9.6
JFSFILE,T0368,0.0,0.0,9.6
JFSFILE,T0369,0.0,0.0,9.6
JFSFILE,T0370,0.0,0.0,9.6
JFSFILE,T0371,0.0,0.0,9.6
JFSFILE,T0372,0.0,0.0,9.6
JFSFILE,T0373,0.0,0.0,9.6
JFSFILE,T0374,0.0,0.0,9.6
JFSFILE,T0375,0.0,0.0,9.6
JFSFILE,T0376,0.0,0.0,9.6
JFSFILE,T0377,0.0,0.0,9.6
JFSFILE,T0378,0.0,0.0,9.6
JFSFILE,T0379,0.0,0.0,9.6
JFSFILE,T0380,0.0,0.0,9.6
JFSFILE,T0381,0.0,0.0,9.6
JFSFILE,T0382,0.0,0.0,9.6
JFSFILE,T0383,0.0,0.0,9.6
JFSFILE,T0384,0.0,0.0,9.6
JFSFILE,T0385,0.0,0.0,9.6
JFSFILE,T0386,0.0,0.0,9.6
JFSFILE,T0387,0.0,0.0,9.6
JFSFILE,T0388,0.0,0.0,9.6
JFSFILE,T0389,0.0,0.0,9.6
JFSFILE,T0390,0.0,0.0,9.6
JFSFILE,T0391,0.0,0.0,9.6
JFSFILE,T0392,0.0,0.0,9.6
JFSFILE,T0393,0.0,0.0,9.6
JFSFILE,T0394,0.0,0.0,9.6
JFSFILE,T0395,0.0,0.0,9.6
JFSFILE,T0396,0.0,0.0,9.6
JFSFILE,T0397,0.0,0.0,9.6
JFSFILE,T0398,0.0,0.0,9.6
JFSFILE,T0399,0.0,0.0,9.6
JFSFILE,T0400,0.0,0.0,9.6
JFSFILE,T0401,0.0,0.0,9.6
JFSFILE,T0402,0.0,0.0,9.6
JFSFILE,T0403,0.0,0.0,9.6
JFSFILE,T0404,0.0,0.0,9.6
JFSFILE,T0405,0.0,0.0,9.6
JFSFILE,T0406,0.0,0.0,9.6
JFSFILE,T0407,0.0,0.0,9.6
JFSFILE,T0408,0.0,0.0,9.6
JFSFILE,T0409,0.0,0.0,9.6
JFSFILE,T0410,0.0,0.0,9.6
JFSFILE,T0411,0.0,0.0,9.6
JFSFILE,T0412,0.0,0.0,9.6
JFSFILE,T0413,0.0,0.0,9.6
JFSFILE,T0414,0.0,0.0,9.6
JFSFILE,T0415,0.0,0.0,9.6
JFSFILE,T0416,0.0,0.0,9.6
JFSFILE,T0417,0.0,0.0,9.6
JFSFILE,T0418,0.0,0.0,9.6
JFSFILE,T0419,0.0,0.0,9.6
JFSFILE,T0420,0.0,0.0,9.6
JFSFILE,T0421,0.0,0.0,9.6
JFSFILE,T0422,0.0,0.0,9.6
JFSFILE,T0423,0.0,0.0,9.6
JFSFILE,T0424,0.0,0.0,9.6
JFSFILE,T0425,0.0,0.0,9.6
JFSFILE,T0426,0.0,0.0,9.6
JFSFILE,T0427,0.0,0.0,9.6
JFSFILE,T0428,0.0,0.0,9.6
JFSFILE,T0429,0.0,0.0,9.6
JFSFILE,T0430,0.0,0.0,9.6
JFSFILE,T0431,0.0,0.0,9.6
JFSFILE,T0432,0.0,0.0,9.6
JFSFILE,T0433,0.0,0.0,9.6
JFSFILE,T0434,0.0,0.0,9.6
JFSFILE,T0435,0.0,0.0,9.6
JFSFILE,T0436,0.0,0.0,9.6
JFSFILE,T0437,0.0,0.0,9.6
JFSFILE,T0438,0.0,0.0,9.6
JFSFILE,T0439,0.0,0.0,9.6
JFSFILE,T0440,0.0,0.0,9.6
JFSFILE,T0441,0.0,0.0,9.6
JFSFILE,T0442,0.0,0.0,9.6
JFSFILE,T0443,0.0,0.0,9.6
JFSFILE,T0444,0.0,0.0,9.6
JFSFILE,T0445,0.0,0.0,9.6
JFSFILE,T0446,0.0,0.0,9.6
JFSFILE,T0447,0.0,0.0,9.6
JFSFILE,T0448,0.0,0.0,9.6
JFSFILE,T0449,0.0,0.0,9.6
JFSFILE,T0450,0.0,0.0,9.6
JFSFILE,T0451,0.0,0.0,9.6
JFSFILE,T0452,0.0,0.0,9.6
JFSFILE,T0453,0.0,0.0,9.6
JFSFILE,T0454,0.0,0.0,9.6
JFSFILE,T0455,0.0,0.0,9.6
JFSFILE,T0456,0.0,0.0,9.6
JFSFILE,T0457,0.0,0.0,9.6
JFSFILE,T0458,0.0,0.0,9.6
JFSFILE,T0459,0.0,0.0,9.6
JFSFILE,T0460,0.0,0.0,9.6
JFSFILE,T0461,0.0,0.0,9.6
JFSFILE,T0462,0.0,0.0,9.6
JFSFILE,T0463,0.0,0.0,9.6
JFSFILE,T0464,0.0,0.0,9.6
JFSFILE,T0465,0.0,0.0,9.6
JFSFILE,T0466,0.0,0.0,9.6
JFSFILE,T0467,0.0,0.0,9.6
JFSFILE,T0468,0.0,0.0,9.6
JFSFILE,T0469,0.0,0.0,9.6
JFSFILE,T0470,0.0,0.0,9.6
JFSFILE,T0471,0.0,0.0,9.6
JFSFILE,T0472,0.0,0.0,9.6
JFSFILE,T0473,0.0,0.0,9.6
JFSFILE,T0474,0.0,0.0,9.6
JFSFILE,T0475,0.0,0.0,9.6
JFSFILE,T0476,0.0,0.0,9.6
JFSFILE,T0477,0.0,0.0,9.6
JFSFILE,T0478,0.0,0.0,9.6
JFSFILE,T0479,0.0,0.0,9.6
JFSFILE,T0480,0.0,0.0,9.6
JFSFILE,T0481,0.0,0.0,9.6
JFSFILE,T0482,0.0,0.0,9.6
JFSFILE,T0483,0.0,0.0,9.6
JFSFILE,T0484,0.0,0.0,9.6
JFSFILE,T0485,0.0,0.0,9.6
JFSFILE,T0486,0.0,0.0,9.6
JFSFILE,T0487,0.0,0.0,9.6
JFSFILE,T0488,0.0,0.0,9.6
JFSFILE,T0489,0.0,0.0,9.6
JFSFILE,T0490,0.0,0.0,9.6
JFSFILE,T0491,0.0,0.0,9.6
JFSFILE,T0492,0.0,0.0,9.6
JFSFILE,T0493,0.0,0.0,9.6
JFSFILE,T0494,0.0,0.0,9.6
JFSFILE,T0495,0.0,0.0,9.6
JFSFILE,T0496,0.0,0.0,9.6
JFSFILE,T0497,0.0,0.0,9.6
JFSFILE,T0498,0.0,0.0,9.6
JFSFILE,T0499,0.0,0.0,9.6
JFSFILE,T0500,0.0,0.0,9.6
JFSFILE,T0501,0.0,0.0,9.6
JFSFILE,T0502,0.0,0.0,9.6
JFSFILE,T0503,0.0,0.0,9.6
JFSFILE,T0504,0.0,0.0,9.6
JFSFILE,T0505,0.0,0.0,9.6
JFSFILE,T0506,0.0,0.0,9.6
JFSFILE,T0507,0.0,0.0,9.6
JFSFILE,T0508,0.0,0.0,9.6
JFSFILE,T0509,0.0,0.0,9.6
JFSFILE,T0510,0.0,0.0,9.6
JFSFILE,T0511,0.0,0.0,9.6
JFSFILE,T0512,0.0,0.0,9.6
JFSFILE,T0513,0.0,0.0,9.6
JFSFILE,T0514,0.0,0.0,9.6
JFSFILE,T0515,0.0,0.0,9.6
JFSFILE,T0516,0.0,0.0,9.6
JFSFILE,T0517,0.0,0.0,9.6
JFSFILE,T0518,0.0,0.0,9.6
JFSFILE,T0519,0.0,0.0,9.6
JFSFILE,T0520,0.0,0.0,9.6
JFSFILE,T0521,0.0,0.0,9.6
JFSFILE,T0522,0.0,0.0,9.6
JFSFILE,T0523,0.0,0.0,9.6
JFSFILE,T0524,0.0,0.0,9.6
JFSFILE,T0525,0.0,0.0,9.6
JFSFILE,T0526,0.0,0.0,9.6
JFSFILE,T0527,0.0,0.0,9.6
JFSFILE,T0528,0.0,0.0,9.6
JFSFILE,T0529,0.0,0.0,9.6
JFSFILE,T0530,0.0,0.0,9.6
JFSFILE,T0531,0.0,0.0,9.6
JFSFILE,T0532,0.0,0.0,9.6
JFSFILE,T0533,0.0,0.0,9.6
JFSFILE,T0534,0.0,0.0,9.6
JFSFILE,T0535,0.0,0.0,9.6
JFSFILE,T0536,0.0,0.0,9.6
JFSFILE,T0537,0.0,0.0,9.6
JFSFILE,T0538,0.0,0.0,9.6
JFSFILE,T0539,0.0,0.0,9.6
JFSFILE,T0540,0.0,0.0,9.6
JFSFILE,T0541,0.0,0.0,9.6
JFSFILE,T0542,0.0,0.0,9.6
JFSFILE,T0543,0.0,0.0,9.6
JFSFILE,T0544,0.0,0.0,9.6
JFSFILE,T0545,0.0,0.0,9.6
JFSFILE,T0546,0.0,0.0,9.6
JFSFILE,T0547,0.0,0.0,9.6
JFSFILE,T0548,0.0,0.0,9.6
JFSFILE,T0549,0.0,0.0,9.6
JFSFILE,T0550,0.0,0.0,9.6
JFSFILE,T0551,0.0,0.0,9.6
JFSFILE,T0552,0.0,0.0,9.6
JFSFILE,T0553,0.0,0.0,9.6
JFSFILE,T0554,0.0,0.0,9.6
JFSFILE,T0555,0.0,0.0,9.6
JFSFILE,T0556,0.0,0.0,9.6
JFSFILE,T0557,0.0,0.0,9.6
JFSFILE,T0558,0.0,0.0,9.6
JFSFILE,T0559,0.0,0.0,9.6
JFSFILE,T0560,0.0,0.0,9.6
JFSFILE,T0561,0.0,0.0,9.6
JFSFILE,T0562,0.0,0.0,9.6
JFSFILE,T0563,0.0,0.0,9.6
JFSFILE,T0564,0.0,0.0,9.6
JFSFILE,T0565,0.0,0.0,9.6
JFSFILE,T0566,0.0,0.0,9.6
JFSFILE,T0567,0.0,0.0,9.6
JFSFILE,T0568,0.0,0.0,9.6
JFSFILE,T0569,0.0,0.0,9.6
JFSFILE,T0570,0.0,0.0,9.6
JFSFILE,T0571,0.0,0.0,9.6
JFSFILE,T0572,0.0,0.0,9.6
JFSFILE,T0573,0.0,0.0,9.6
JFSFILE,T0574,0.0,0.0,9.6
JFSFILE,T0575,0.0,0.0,9.6
JFSFILE,T0576,0.0,0.0,9.6
JFSFILE,T0577,0.0,0.0,9.6
JFSFILE,T0578,0.0,0.0,9.6
JFSFILE,T0579,0.0,0.0,9.6
JFSFILE,T0580,0.0,0.0,9.6
JFSFILE,T0581,0.0,0.0,9.6
JFSFILE,T0582,0.0,0.0,9.6
JFSFILE,T0583,0.0,0.0,9.6
JFSFILE,T0584,0.0,0.0,9.6
JFSFILE,T0585,0.0,0.0,9.6
JFSFILE,T0586,0.0,0.0,9.6
JFSFILE,T0587,0.0,0.0,9.6
JFSFILE,T0588,0.0,0.0,9.6
JFSFILE,T0589,0.0,0.0,9.6
JFSFILE,T0590,0.0,0.0,9.6
JFSFILE,T0591,0.0,0.0,9.6
JFSFILE,T0592,0.0,0.0,9.6
JFSFILE,T0593,0.0,0.0,9.6
JFSFILE,T0594,0.0,0.0,9.6
JFSFILE,T0595,0.0,0.0,9.6
JFSFILE,T0596,0.0,0.0,9.6
JFSFILE,T0597,0.0,0.0,9.6
JFSFILE,T0598,0.0,0.0,9.6
JFSFILE,T0599,0.0,0.0,9.6
JFSFILE,T0600,0.0,0.0,9.6
JFSFILE,T0601,0.0,0.0,9.6
JFSFILE,T0602,0.0,0.0,9.6
JFSFILE,T0603,0.0,0.0,9.6
JFSFILE,T0604,0.0,0.0,9.6
JFSFILE,T0605,0.0,0.0,9.6
JFSFILE,T0606,0.0,0.0,9.6
JFSFILE,T0607,0.0,0.0,9.6
JFSFILE,T0608,0.0,0.0,9.6
JFSFILE,T0609,0.0,0.0,9.6
JFSFILE,T0610,0.0,0.0,9.6
JFSFILE,T0611,0.0,0.0,9.6
JFSFILE,T0612,0.0,0.0,9.6
JFSFILE,T0613,0.0,0.0,9.6
JFSFILE,T0614,0.0,0.0,9.6
JFSFILE,T0615,0.0,0.0,9.6
JFSFILE,T0616,0.0,0.0,9.6
JFSFILE,T0617,0.0,0.0,9.6
JFSFILE,T0618,0.0,0.0,9.6
JFSFILE,T0619,0.0,0.0,9.6
JFSFILE,T0620,0.0,0.0,9.6
JFSFILE,T0621,0.0,0.0,9.6
JFSFILE,T0622,0.0,0.0,9.6
JFSFILE,T0623,0.0,0.0,9.6
JFSFILE,T0624,0.0,0.0,9.6
JFSFILE,T0625,0.0,0.0,9.6
JFSFILE,T0626,0.0,0.0,9.6
JFSFILE,T0627,0.0,0.0,9.6
JFSFILE,T0628,0.0,0.0,9.6
JFSFILE,T0629,0.0,0.0,9.6
JFSFILE,T0630,0.0,0.0,9.6
JFSFILE,T0631,0.0,0.0,9.6
JFSFILE,T0632,0.0,0.0,9.6
JFSFILE,T0633,0.0,0.0,9.6
JFSFILE,T0634,0.0,0.0,9.6
JFSFILE,T0635,0.0,0.0,9.6
JFSFILE,T0636,0.0,0.0,9.6
JFSFILE,T0637,0.0,0.0,9.6
JFSFILE,T0638,0.0,0.0,9.6
JFSFILE,T0639,0.0,0.0,9.6
JFSFILE,T0640,0.0,0.0,9.6
JFSFILE,T0641,0.0,0.0,9.6
JFSFILE,T0642,0.0,0.0,9.6
JFSFILE,T0643,0.0,0.0,9.6
JFSFILE,T0644,0.0,0.0,9.6
JFSFILE,T0645,0.0,0.0,9.6
JFSFILE,T0646,0.0,0.0,9.6
JFSFILE,T0647,0.0,0.0,9.6
JFSFILE,T0648,0.0,0.0,9.6
JFSFILE,T0649,0.0,0.0,9.6
JFSFILE,T0650,0.0,0.0,9.6
JFSFILE,T0651,0.0,0.0,9.6
JFSFILE,T0652,0.0,0.0,9.6
JFSFILE,T0653,0.0,0.0,9.6
JFSFILE,T0654,0.0,0.0,9.6
JFSFILE,T0655,0.0,0.0,9.6
JFSFILE,T0656,0.0,0.0,9.6
JFSFILE,T0657,0.0,0.0,9.6
JFSFILE,T0658,0.0,0.0,9.6
JFSFILE,T0659,0.0,0.0,9.6
JFSFILE,T0660,0.0,0.0,9.6
JFSFILE,T0661,0.0,0.0,9.6
JFSFILE,T0662,0.0,0.0,9.6
JFSFILE,T0663,0.0,0.0,9.6
JFSFILE,T0664,0.0,0.0,9.6
JFSFILE,T0665,0.0,0.0,9.6
JFSFILE,T0666,0.0,0.0,9.6
JFSFILE,T0667,0.0,0.0,9.6
JFSFILE,T0668,0.0,0.0,9.6
JFSFILE,T0669,0.0,0.0,9.6
JFSFILE,T0670,0.0,0.0,9.6
JFSFILE,T0671,0.0,0.0,9.6
JFSFILE,T0672,0.0,0.0,9.6
JFSFILE,T0673,0.0,0.0,9.6
JFSFILE,T0674,0.0,0.0,9.6
JFSFILE,T0675,0.0,0.0,9.6
JFSFILE,T0676,0.0,0.0,9.6
JFSFILE,T0677,0.0,0.0,9.6
JFSFILE,T0678,0.0,0.0,9.6
JFSFILE,T0679,0.0,0.0,9.6
JFSFILE,T0680,0.0,0.0,9.6
JFSFILE,T0681,0.0,0.0,9.6
JFSFILE,T0682,0.0,0.0,9.6
JFSFILE,T0683,0.0,0.0,9.6
JFSFILE,T0684,0.0,0.0,9.6
JFSFILE,T0685,0.0,0.0,9.6
JFSFILE,T0686,0.0,0.0,9.6
JFSFILE,T0687,0.0,0.0,9.6
JFSFILE,T0688,0.0,0.0,9.6
JFSFILE,T0689,0.0,0.0,9.6
JFSFILE,T0690,0.0,0.0,9.6
JFSFILE,T0691,0.0,0.0,9.6
JFSFILE,T0692,0.0,0.0,9.6
JFSFILE,T0693,0.0,0.0,9.6
JFSFILE,T0694,0.0,0.0,9.6
JFSFILE,T0695,0.0,0.0,9.6
JFSFILE,T0696,0.0,0.0,9.6
JFSFILE,T0697,0.0,0.0,9.6
JFSFILE,T0698,0.0,0.0,9.6
JFSFILE,T0699,0.0,0.0,9.6
JFSFILE,T0700,0.0,0.0,9.6
JFSFILE,T0701,0.0,0.0,9.6
JFSFILE,T0702,0.0,0.0,9.6
JFSFILE,T0703,0.0,0.0,9.6
JFSFILE,T0704,0.0,0.0,9.6
JFSFILE,T0705,0.0,0.0,9.6
JFSFILE,T0706,0.0,0.0,9.6
JFSFILE,T0707,0.0,0.0,9.6
JFSFILE,T0708,0.0,0.0,9.6
JFSFILE,T0709,0.0,0.0,9.6
JFSFILE,T0710,0.0,0.0,9.6
JFSFILE,T0711,0.0,0.0,9.6
JFSFILE,T0712,0.0,0.0,9.6
JFSFILE,T0713,0.0,0.0,9.6
JFSFILE,T0714,0.0,0.0,9.6
JFSFILE,T0715,0.0,0.0,9.6
JFSFILE,T0716,0.0,0.0,9.6
JFSFILE,T0717,0.0,0.0,9.6
JFSFILE,T0718,0.0,0.0,9.6
JFSFILE,T0719,0.0,0.0,9.6
JFSFILE,T0720,0.0,0.0,9.6
JFSFILE,T0721,0.0,0.0,9.6
JFSFILE,T0722,0.0,0.0,9.6
JFSFILE,T0723,0.0,0.0,9.6
JFSFILE,T0724,0.0,0.0,9.6
JFSFILE,T0725,0.0,0.0,9.6
JFSFILE,T0726,0.0,0.0,9.6
JFSFILE,T0727,0.0,0.0,9.6
JFSFILE,T0728,0.0,0.0,9.6
JFSFILE,T0729,0.0,0.0,9.6
JFSFILE,T0730,0.0,0.0,9.6
JFSFILE,T0731,0.0,0.0,9.6
JFSFILE,T0732,0.0,0.0,9.6
JFSFILE,T0733,0.0,0.0,9.6
JFSFILE,T0734,0.0,0.0,9.6
JFSFILE,T0735,0.0,0.0,9.6
JFSFILE,T0736,0.0,0.0,9.6
JFSFILE,T0737,0.0,0.0,9.6
JFSFILE,T0738,0.0,0.0,9.6
JFSFILE,T0739,0.0,0.0,9.6
JFSFILE,T0740,0.0,0.0,9.6
JFSFILE,T0741,0.0,0.0,9.6
JFSFILE,T0742,0.0,0.0,9.6
JFSFILE,T0743,0.0,0.0,9.6
JFSFILE,T0744,0.0,0.0,9.6
JFSFILE,T0745,0.0,0.0,9.6
JFSFILE,T0746,0.0,0.0,9.6
JFSFILE,T0747,0.0,0.0,9.6
JFSFILE,T0748,0.0,0.0,9.6
JFSFILE,T0749,0.0,0.0,9.6
JFSFILE,T0750,0.0,0.0,9.6
JFSFILE,T0751,0.0,0.0,9.6
JFSFILE,T0752,0.0,0.0,9.6
JFSFILE,T0753,0.0,0.0,9.6
JFSFILE,T0754,0.0,0.0,9.6
JFSFILE,T0755,0.0,0.0,9.6
JFSFILE,T0756,0.0,0.0,9.6
JFSFILE,T0757,0.0,0.0,9.6
JFSFILE,T0758,0.0,0.0,9.6
JFSFILE,T0759,0.0,0.0,9.6
JFSFILE,T0760,0.0,0.0,9.6
JFSFILE,T0761,0.0,0.0,9.6
JFSFILE,T0762,0.0,0.0,9.6
JFSFILE,T0763,0.0,0.0,9.6
JFSFILE,T0764,0.0,0.0,9.6
JFSFILE,T0765,0.0,0.0,9.6
JFSFILE,T0766,0.0,0.0,9.6
JFSFILE,T0767,0.0,0.0,9.6
JFSFILE,T0768,0.0,0.0,9.6
JFSFILE,T0769,0.0,0.0,9.6
JFSFILE,T0770,0.0,0.0,9.6
JFSFILE,T0771,0.0,0.0,9.6
JFSFILE,T0772,0.0,0.0,9.6
JFSFILE,T0773,0.0,0.0,9.6
JFSFILE,T0774,0.0,0.0,9.6
JFSFILE,T0775,0.0,0.0,9.6
JFSFILE,T0776,0.0,0.0,9.6
JFSFILE,T0777,0.0,0.0,9.6
JFSFILE,T0778,0.0,0.0,9.6
JFSFILE,T0779,0.0,0.0,9.6
JFSFILE,T0780,0.0,0.0,9.6
JFSFILE,T0781,0.0,0.0,9.6
JFSFILE,T0782,0.0,0.0,9.6
JFSFILE,T0783,0.0,0.0,9.6
JFSFILE,T0784,0.0,0.0,9.6
JFSFILE,T0785,0.0,0.0,9.6
JFSFILE,T0786,0.0,0.0,9.6
JFSFILE,T0787,0.0,0.0,9.6
JFSFILE,T0788,0.0,0.0,9.6
JFSFILE,T0789,0.0,0.0,9.6
JFSFILE,T0790,0.0,0.0,9.6
JFSFILE,T0791,0.0,0.0,9.6
JFSFILE,T0792,0.0,0.0,9.6
JFSFILE,T0793,0.0,0.0,9.6
JFSFILE,T0794,0.0,0.0,9.6
JFSFILE,T0795,0.0,0.0,9.6
JFSFILE,T0796,0.0,0.0,9.6
JFSFILE,T0797,0.0,0.0,9.6
JFSFILE,T0798,0.0,0.0,9.6
JFSFILE,T0799,0.0,0.0,9.6
JFSFILE,T0800,0.0,0.0,9.6
JFSFILE,T0801,0.0,0.0,9.6
JFSFILE,T0802,0.0,0.0,9.6
JFSFILE,T0803,0.0,0.0,9.6
JFSFILE,T0804,0.0,0.0,9.6
JFSFILE,T0805,0.0,0.0,9.6
JFSFILE,T0806,0.0,0.0,9.6
JFSFILE,T0807,0.0,0.0,9.6
JFSFILE,T0808,0.0,0.0,9.6
JFSFILE,T0809,0.0,0.0,9.6
JFSFILE,T0810,0.0,0.0,9.6
JFSFILE,T0811,0.0,0.0,9.6
JFSFILE,T0812,0.0,0.0,9.6
JFSFILE,T0813,0.0,0.0,9.6
JFSFILE,T0814,0.0,0.0,9.6
JFSFILE,T0815,0.0,0.0,9.6
JFSFILE,T0816,0.0,0.0,9.6
JFSFILE,T0817,0.0,0.0,9.6
JFSFILE,T0818,0.0,0.0,9.6
JFSFILE,T0819,0.0,0.0,9.6
JFSFILE,T0820,0.0,0.0,9.6
JFSFILE,T0821,0.0,0.0,9.6
JFSFILE,T0822,0.0,0.0,9.6
JFSFILE,T0823,0.0,0.0,9.6
JFSFILE,T0824,0.0,0.0,9.6
JFSFILE,T0825,0.0,0.0,9.6
JFSFILE,T0826,0.0,0.0,9.6
JFSFILE,T0827,0.0,0.0,9.6
JFSFILE,T0828,0.0,0.0,9.6
JFSFILE,T0829,0.0,0.0,9.6
JFSFILE,T0830,0.0,0.0,9.6
JFSFILE,T0831,0.0,0.0,9.6
JFSFILE,T0832,0.0,0.0,9.6
JFSFILE,T0833,0.0,0.0,9.6
JFSFILE,T0834,0.0,0.0,9.6
JFSFILE,T0835,0.0,0.0,9.6
JFSFILE,T0836,0.0,0.0,9.6
JFSFILE,T0837,0.0,0.0,9.6
JFSFILE,T0838,0.0,0.0,9.6
JFSFILE,T0839,0.0,0.0,9.6
JFSFILE,T0840,0.0,0.0,9.6
JFSFILE,T0841,0.0,0.0,9.6
JFSFILE,T0842,0.0,0.0,9.6
JFSFILE,T0843,0.0,0.0,9.6
JFSFILE,T0844,0.0,0.0,9.6
JFSFILE,T0845,0.0,0.0,9.6
JFSFILE,T0846,0.0,0.0,9.6
JFSFILE,T0847,0.0,0.0,9.6
JFSFILE,T0848,0.0,0.0,9.6
JFSFILE,T0849,0.0,0.0,9.6
JFSFILE,T0850,0.0,0.0,9.6
JFSFILE,T0851,0.0,0.0,9.6
JFSFILE,T0852,0.0,0.0,9.6
JFSFILE,T0853,0.0,0.0,9.6
JFSFILE,T0854,0.0,0.0,9.6
JFSFILE,T0855,0.0,0.0,9.6
JFSFILE,T0856,0.0,0.0,9.6
JFSFILE,T0857,0.0,0.0,9.6
JFSFILE,T0858,0.0,0.0,9.6
JFSFILE,T0859,0.0,0.0,9.6
JFSFILE,T0860,0.0,0.0,9.6
JFSFILE,T0861,0.0,0.0,9.6
JFSFILE,T0862,0.0,0.0,9.6
JFSFILE,T0863,0.0,0.0,9.6
JFSFILE,T0864,0.0,0.0,9.6
JFSFILE,T0865,0.0,0.0,9.6
JFSFILE,T0866,0.0,0.0,9.6
JFSFILE,T0867,0.0,0.0,9.6
JFSFILE,T0868,0.0,0.0,9.6
JFSFILE,T0869,0.0,0.0,9.6
JFSFILE,T0870,0.0,0.0,9.6
JFSFILE,T0871,0.0,0.0,9.6
JFSFILE,T0872,0.0,0.0,9.6
JFSFILE,T0873,0.0,0.0,9.6
JFSFILE,T0874,0.0,0.0,9.6
JFSFILE,T0875,0.0,0.0,9.6
JFSFILE,T0876,0.0,0.0,9.6
JFSFILE,T0877,0.0,0.0,9.6
JFSFILE,T0878,0.0,0.0,9.6
JFSFILE,T0879,0.0,0.0,9.6
JFSFILE,T0880,0.0,0.0,9.6
JFSFILE,T0881,0.0,0.0,9.6
JFSFILE,T0882,0.0,0.0,9.6
JFSFILE,T0883,0.0,0.0,9.6
JFSFILE,T0884,0.0,0.0,9.6
JFSFILE,T0885,0.0,0.0,9.6
JFSFILE,T0886,0.0,0.0,9.6
JFSFILE,T0887,0.0,0.0,9.6
JFSFILE,T0888,0.0,0.0,9.6
JFSFILE,T0889,0.0,0.0,9.6
JFSFILE,T0890,0.0,0.0,9.6
JFSFILE,T0891,0.0,0.0,9.6
JFSFILE,T0892,0.0,0.0,9.6
JFSFILE,T0893,0.0,0.0,9.6
JFSFILE,T0894,0.0,0.0,9.6
JFSFILE,T0895,0.0,0.0,9.6
JFSFILE,T0896,0.0,0.0,9.6
JFSFILE,T0897,0.0,0.0,9.6
JFSFILE,T0898,0.0,0.0,9.6
JFSFILE,T0899,0.0,0.0,9.6
JFSFILE,T0900,0.0,0.0,9.6
JFSFILE,T0901,0.0,0.0,9.6
JFSFILE,T0902,0.0,0.0,9.6
JFSFILE,T0903,0.0,0.0,9.6
JFSFILE,T0904,0.0,0.0,9.6
JFSFILE,T0905,0.0,0.0,9.6
JFSFILE,T0906,0.0,0.0,9.6
JFSFILE,T0907,0.0,0.0,9.6
JFSFILE,T0908,0.0,0.0,9.6
JFSFILE,T0909,0.0,0.0,9.6
JFSFILE,T0910,0.0,0.0,9.6
JFSFILE,T0911,0.0,0.0,9.6
JFSFILE,T0912,0.0,0.0,9.6
JFSFILE,T0913,0.0,0.0,9.6
JFSFILE,T0914,0.0,0.0,9.6
JFSFILE,T0915,0.0,0.0,9.6
JFSFILE,T0916,0.0,0.0,9.6
JFSFILE,T0917,0.0,0.0,9.6
JFSFILE,T0918,0.0,0.0,9.6
JFSFILE,T0919,0.0,0.0,9.6
JFSFILE,T0920,0.0,0.0,9.6
JFSFILE,T0921,0.0,0.0,9.6
JFSFILE,T0922,0.0,0.0,9.6
JFSFILE,T0923,0.0,0.0,9.6
JFSFILE,T0924,0.0,0.0,9.6
JFSFILE,T0925,0.0,0.0,9.6
JFSFILE,T0926,0.0,0.0,9.6
JFSFILE,T0927,0.0,0.0,9.6
JFSFILE,T0928,0.0,0.0,9.6
JFSFILE,T0929,0.0,0.0,9.6
JFSFILE,T0930,0.0,0.0,9.6
JFSFILE,T0931,0.0,0.0,9.6
JFSFILE,T0932,0.0,0.0,9.6
JFSFILE,T0933,0.0,0.0,9.6
JFSFILE,T0934,0.0,0.0,9.6
JFSFILE,T0935,0.0,0.0,9.6
JFSFILE,T0936,0.0,0.0,9.6
JFSFILE,T0937,0.0,0.0,9.6
JFSFILE,T0938,0.0,0.0,9.6
JFSFILE,T0939,0.0,0.0,9.6
JFSFILE,T0940,0.0,0.0,9.6
JFSFILE,T0941,0.0,0.0,9.6
JFSFILE,T0942,0.0,0.0,9.6
JFSFILE,T0943,0.0,0.0,9.6
JFSFILE,T0944,0.0,0.0,9.6
JFSFILE,T0945,0.0,0.0,9.6
JFSFILE,T0946,0.0,0.0,9.6
JFSFILE,T0947,0.0,0.0,9.6
JFSFILE,T0948,0.0,0.0,9.6
JFSFILE,T0949,0.0,0.0,9.6
JFSFILE,T0950,0.0,0.0,9.6
JFSFILE,T0951,0.0,0.0,9.6
JFSFILE,T0952,0.0,0.0,9.6
JFSFILE,T0953,0.0,0.0,9.6
JFSFILE,T0954,0.0,0.0,9.6
JFSFILE,T0955,0.0,0.0,9.6
JFSFILE,T0956,0.0,0.0,9.6
JFSFILE,T0957,0.0,0.0,9.6
JFSFILE,T0958,0.0,0.0,9.6
JFSFILE,T0959,0.0,0.0,9.6
JFSFILE,T0960,0.0,0.0,9.6
JFSFILE,T0961,0.0,0.0,9.6
JFSFILE,T0962,0.0,0.0,9.6
JFSFILE,T0963,0.0,0.0,9.6
JFSFILE,T0964,0.0,0.0,9.6
JFSFILE,T0965,0.0,0.0,9.6
JFSFILE,T0966,0.0,0.0,9.6
JFSFILE,T0967,0.0,0.0,9.6
JFSFILE,T0968,0.0,0.0,9.6
JFSFILE,T0969,0.0,0.0,9.6
JFSFILE,T0970,0.0,0.0,9.6
JFSFILE,T0971,0.0,0.0,9.6
JFSFILE,T0972,0.0,0.0,9.6
JFSFILE,T0973,0.0,0.0,9.6
JFSFILE,T0974,0.0,0.0,9.6
JFSFILE,T0975,0.0,0.0,9.6
JFSFILE,T0976,0.0,0.0,9.6
JFSFILE,T0977,0.0,0.0,9.6
JFSFILE,T0978,0.0,0.0,9.6
JFSFILE,T0979,0.0,0.0,9.6
JFSFILE,T0980,0.0,0.0,9.6
JFSFILE,T0981,0.0,0.0,9.6
JFSFILE,T0982,0.0,0.0,9.6
JFSFILE,T0983,0.0,0.0,9.6
JFSFILE,T0984,0.0,0.0,9.6
JFSFILE,T0985,0.0,0.0,9.6
JFSFILE,T0986,0.0,0.0,9.6
JFSFILE,T0987,0.0,0.0,9.6
JFSFILE,T0988,0.0,0.0,9.6
JFSFILE,T0989,0.0,0.0,9.6
JFSFILE,T0990,0.0,0.0,9.6
JFSFILE,T0991,0.0,0.0,9.6
JFSFILE,T0992,0.0,0.0,9.6
JFSFILE,T0993,0.0,0.0,9.6
JFSFILE,T0994,0.0,0.0,9.6
JFSFILE,T0995,0.0,0.0,9.6
JFSFILE,T0996,0.0,0.0,9.6
JFSFILE,T0997,0.0,0.0,9.6
JFSFILE,T0998,0.0,0.0,9.6
JFSFILE,T0999,0.0,0.0,9.6
JFSFILE,T1000,0.0,0.0,9.6
