PROC,Processes VM-12-13-centos,Runnable,Blocked,pswitch,syscall,read,write,fork,exec,sem,msg
PROC,T0001,2,0,0.0,-1.0,-1.0,-1.0,0.0,-1.0,-1.0,-1.0
PROC,T0002,1,0,1382.9,-1.0,-1.0,-1.0,6.6,-1.0,-1.0,-1.0
PROC,T0003,1,0,1121.2,-1.0,-1.0,-1.0,2.2,-1.0,-1.0,-1.0
PROC,T0004,1,0,1387.6,-1.0,-1.0,-1.0,6.4,-1.0,-1.0,-1.0
PROC,T0005,1,0,1069.1,-1.0,-1.0,-1.0,1.8,-1.0,-1.0,-1.0
PROC,T0006,1,0,1278.3,-1.0,-1.0,-1.0,8.6,-1.0,-1.0,-1.0
PROC,T0007,1,0,1249.9,-1.0,-1.0,-1.0,1.8,-1.0,-1.0,-1.0
PROC,T0008,1,0,1352.7,-1.0,-1.0,-1.0,7.4,-1.0,-1.0,-1.0
PROC,T0009,1,0,1258.0,-1.0,-1.0,-1.0,2.6,-1.0,-1.0,-1.0
PROC,T0010,1,0,1285.7,-1.0,-1.0,-1.0,6.4,-1.0,-1.0,-1.0
PROC,T0011,1,0,1114.4,-1.0,-1.0,-1.0,4.2,-1.0,-1.0,-1.0
PROC,T0012,1,0,1315.1,-1.0,-1.0,-1.0,6.4,-1.0,-1.0,-1.0
PROC,T0013,2,0,1063.5,-1.0,-1.0,-1.0,1.8,-1.0,-1.0,-1.0
PROC,T0014,1,0,1240.5,-1.0,-1.0,-1.0,6.4,-1.0,-1.0,-1.0
PROC,T0015,1,0,1110.6,-1.0,-1.0,-1.0,2.0,-1.0,-1.0,-1.0
PROC,T0016,1,0,1291.6,-1.0,-1.0,-1.0,6.4,-1.0,-1.0,-1.0
PROC,T0017,1,0,1086.5,-1.0,-1.0,-1.0,1.8,-1.0,-1.0,-1.0
PROC,T0018,1,0,1358.2,-1.0,-1.0,-1.0,8.6,-1.0,-1.0,-1.0
PROC,T0019,1,0,1061.1,-1.0,-1.0,-1.0,1.8,-1.0,-1.0,-1.0
PROC,T0020,1,0,1388.5,-1.0,-1.0,-1.0,7.2,-1.0,-1.0,-1.0
PROC,T0021,1,0,1170.4,-1.0,-1.0,-1.0,2.6,-1.0,-1.0,-1.0
PROC,T0022,1,0,1325.4,-1.0,-1.0,-1.0,6.4,-1.0,-1.0,-1.0
PROC,T0023,1,0,1136.2,-1.0,-1.0,-1.0,4.6,-1.0,-1.0,-1.0
PROC,T0024,1,0,1275.6,-1.0,-1.0,-1.0,6.4,-1.0,-1.0,-1.0
PROC,T0025,1,0,1190.5,-1.0,-1.0,-1.0,1.8,-1.0,-1.0,-1.0
PROC,T0026,1,0,1484.1,-1.0,-1.0,-1.0,6.4,-1.0,-1.0,-1.0
PROC,T0027,1,0,1350.2,-1.0,-1.0,-1.0,2.0,-1.0,-1.0,-1.0
PROC,T0028,1,0,1422.1,-1.0,-1.0,-1.0,6.4,-1.0,-1.0,-1.0
PROC,T0029,1,0,1113.4,-1.0,-1.0,-1.0,2.2,-1.0,-1.0,-1.0
PROC,T0030,1,0,1359.6,-1.0,-1.0,-1.0,11.0,-1.0,-1.0,-1.0
PROC,T0031,1,0,1118.0,-1.0,-1.0,-1.0,1.8,-1.0,-1.0,-1.0
PROC,T0032,1,0,1355.6,-1.0,-1.0,-1.0,7.2,-1.0,-1.0,-1.0
PROC,T0033,2,0,1221.4,-1.0,-1.0,-1.0,2.6,-1.0,-1.0,-1.0
PROC,T0034,1,0,1279.2,-1.0,-1.0,-1.0,6.4,-1.0,-1.0,-1.0
PROC,T0035,1,0,1145.6,-1.0,-1.0,-1.0,4.2,-1.0,-1.0,-1.0
PROC,T0036,1,0,1270.6,-1.0,-1.0,-1.0,6.4,-1.0,-1.0,-1.0
PROC,T0037,1,0,1160.0,-1.0,-1.0,-1.0,1.8,-1.0,-1.0,-1.0
PROC,T0038,1,0,1292.2,-1.0,-1.0,-1.0,6.8,-1.0,-1.0,-1.0
PROC,T0039,1,0,1101.9,-1.0,-1.0,-1.0,2.0,-1.0,-1.0,-1.0
PROC,T0040,1,0,1254.7,-1.0,-1.0,-1.0,6.4,-1.0,-1.0,-1.0
PROC,T0041,1,0,1095.2,-1.0,-1.0,-1.0,1.8,-1.0,-1.0,-1.0
PROC,T0042,1,0,1345.4,-1.0,-1.0,-1.0,8.6,-1.0,-1.0,-1.0
PROC,T0043,1,0,1090.2,-1.0,-1.0,-1.0,1.8,-1.0,-1.0,-1.0
PROC,T0044,1,0,1353.6,-1.0,-1.0,-1.0,7.2,-1.0,-1.0,-1.0
PROC,T0045,1,0,1179.4,-1.0,-1.0,-1.0,2.6,-1.0,-1.0,-1.0
PROC,T0046,1,0,1283.3,-1.0,-1.0,-1.0,6.4,-1.0,-1.0,-1.0
PROC,T0047,1,0,1095.3,-1.0,-1.0,-1.0,4.2,-1.0,-1.0,-1.0
PROC,T0048,1,0,1306.5,-1.0,-1.0,-1.0,6.4,-1.0,-1.0,-1.0
PROC,T0049,1,0,1106.4,-1.0,-1.0,-1.0,1.8,-1.0,-1.0,-1.0
PROC,T0050,1,0,1309.5,-1.0,-1.0,-1.0,6.4,-1.0,-1.0,-1.0
PROC,T0051,1,0,1102.5,-1.0,-1.0,-1.0,2.0,-1.0,-1.0,-1.0
PROC,T0052,1,0,1291.7,-1.0,-1.0,-1.0,6.4,-1.0,-1.0,-1.0
PROC,T0053,1,0,1160.5,-1.0,-1.0,-1.0,1.8,-1.0,-1.0,-1.0
PROC,T0054,1,0,1322.2,-1.0,-1.0,-1.0,8.6,-1.0,-1.0,-1.0
PROC,T0055,1,0,1433.2,-1.0,-1.0,-1.0,1.8,-1.0,-1.0,-1.0
PROC,T0056,1,0,1297.3,-1.0,-1.0,-1.0,7.2,-1.0,-1.0,-1.0
PROC,T0057,1,0,1155.6,-1.0,-1.0,-1.0,2.6,-1.0,-1.0,-1.0
PROC,T0058,1,0,1290.8,-1.0,-1.0,-1.0,6.4,-1.0,-1.0,-1.0
PROC,T0059,1,0,1114.7,-1.0,-1.0,-1.0,4.6,-1.0,-1.0,-1.0
PROC,T0060,1,0,1274.9,-1.0,-1.0,-1.0,6.4,-1.0,-1.0,-1.0
PROC,T0061,1,0,1093.1,-1.0,-1.0,-1.0,1.8,-1.0,-1.0,-1.0
PROC,T0062,1,0,1307.7,-1.0,-1.0,-1.0,6.6,-1.0,-1.0,-1.0
PROC,T0063,1,0,1135.2,-1.0,-1.0,-1.0,2.0,-1.0,-1.0,-1.0
PROC,T0064,1,0,1267.1,-1.0,-1.0,-1.0,6.4,-1.0,-1.0,-1.0
PROC,T0065,1,0,1102.9,-1.0,-1.0,-1.0,1.8,-1.0,-1.0,-1.0
PROC,T0066,1,0,1322.1,-1.0,-1.0,-1.0,8.6,-1.0,-1.0,-1.0
PROC,T0067,1,0,1041.3,-1.0,-1.0,-1.0,1.8,-1.0,-1.0,-1.0
PROC,T0068,1,0,1331.1,-1.0,-1.0,-1.0,7.4,-1.0,-1.0,-1.0
PROC,T0069,1,0,1185.1,-1.0,-1.0,-1.0,2.6,-1.0,-1.0,-1.0
PROC,T0070,1,0,1278.7,-1.0,-1.0,-1.0,6.4,-1.0,-1.0,-1.0
PROC,T0071,1,0,1096.2,-1.0,-1.0,-1.0,4.2,-1.0,-1.0,-1.0
PROC,T0072,1,0,1242.5,-1.0,-1.0,-1.0,6.4,-1.0,-1.0,-1.0
PROC,T0073,1,0,1118.9,-1.0,-1.0,-1.0,2.2,-1.0,-1.0,-1.0
PROC,T0074,1,0,1270.9,-1.0,-1.0,-1.0,6.8,-1.0,-1.0,-1.0
PROC,T0075,1,0,1106.7,-1.0,-1.0,-1.0,2.0,-1.0,-1.0,-1.0
PROC,T0076,1,0,1262.1,-1.0,-1.0,-1.0,6.4,-1.0,-1.0,-1.0
PROC,T0077,1,0,1127.2,-1.0,-1.0,-1.0,1.8,-1.0,-1.0,-1.0
PROC,T0078,1,0,1281.9,-1.0,-1.0,-1.0,8.6,-1.0,-1.0,-1.0
PROC,T0079,1,0,1091.0,-1.0,-1.0,-1.0,1.8,-1.0,-1.0,-1.0
PROC,T0080,2,0,1315.3,-1.0,-1.0,-1.0,7.2,-1.0,-1.0,-1.0
PROC,T0081,1,0,1136.3,-1.0,-1.0,-1.0,2.6,-1.0,-1.0,-1.0
PROC,T0082,1,0,1249.6,-1.0,-1.0,-1.0,6.4,-1.0,-1.0,-1.0
PROC,T0083,1,0,1092.3,-1.0,-1.0,-1.0,4.2,-1.0,-1.0,-1.0
PROC,T0084,1,0,1297.4,-1.0,-1.0,-1.0,6.4,-1.0,-1.0,-1.0
PROC,T0085,1,0,1108.5,-1.0,-1.0,-1.0,1.8,-1.0,-1.0,-1.0
PROC,T0086,1,0,1243.1,-1.0,-1.0,-1.0,6.4,-1.0,-1.0,-1.0
PROC,T0087,1,0,1198.6,-1.0,-1.0,-1.0,2.4,-1.0,-1.0,-1.0
PROC,T0088,1,0,1517.5,-1.0,-1.0,-1.0,6.4,-1.0,-1.0,-1.0
PROC,T0089,1,0,1284.1,-1.0,-1.0,-1.0,1.8,-1.0,-1.0,-1.0
PROC,T0090,1,0,1502.8,-1.0,-1.0,-1.0,11.4,-1.0,-1.0,-1.0
PROC,T0091,1,0,1100.2,-1.0,-1.0,-1.0,1.8,-1.0,-1.0,-1.0
PROC,T0092,1,0,1374.1,-1.0,-1.0,-1.0,7.2,-1.0,-1.0,-1.0
PROC,T0093,1,0,1190.4,-1.0,-1.0,-1.0,2.6,-1.0,-1.0,-1.0
PROC,T0094,1,0,1262.9,-1.0,-1.0,-1.0,6.6,-1.0,-1.0,-1.0
PROC,T0095,1,0,1184.1,-1.0,-1.0,-1.0,4.6,-1.0,-1.0,-1.0
PROC,T0096,1,0,1263.7,-1.0,-1.0,-1.0,6.4,-1.0,-1.0,-1.0
PROC,T0097,1,0,1067.3,-1.0,-1.0,-1.0,1.8,-1.0,-1.0,-1.0
PROC,T0098,1,0,1301.7,-1.0,-1.0,-1.0,6.4,-1.0,-1.0,-1.0
PROC,T0099,1,0,1130.2,-1.0,-1.0,-1.0,2.0,-1.0,-1.0,-1.0
PROC,T0100,1,0,1370.8,-1.0,-1.0,-1.0,8.8,-1.0,-1.0,-1.0
PROC,T0101,1,0,1090.9,-1.0,-1.0,-1.0,1.8,-1.0,-1.0,-1.0
PROC,T0102,1,0,1349.2,-1.0,-1.0,-1.0,8.6,-1.0,-1.0,-1.0
PROC,T0103,1,0,1087.1,-1.0,-1.0,-1.0,1.8,-1.0,-1.0,-1.0
PROC,T0104,1,0,1350.2,-1.0,-1.0,-1.0,7.2,-1.0,-1.0,-1.0
PROC,T0105,1,0,1197.5,-1.0,-1.0,-1.0,2.6,-1.0,-1.0,-1.0
PROC,T0106,1,0,1288.5,-1.0,-1.0,-1.0,6.4,-1.0,-1.0,-1.0
PROC,T0107,1,0,1089.3,-1.0,-1.0,-1.0,4.2,-1.0,-1.0,-1.0
PROC,T0108,1,0,1307.0,-1.0,-1.0,-1.0,6.4,-1.0,-1.0,-1.0
PROC,T0109,1,0,1164.8,-1.0,-1.0,-1.0,1.8,-1.0,-1.0,-1.0
PROC,T0110,1,0,1363.6,-1.0,-1.0,-1.0,6.4,-1.0,-1.0,-1.0
PROC,T0111,1,0,1138.8,-1.0,-1.0,-1.0,2.0,-1.0,-1.0,-1.0
PROC,T0112,1,0,1243.6,-1.0,-1.0,-1.0,6.4,-1.0,-1.0,-1.0
PROC,T0113,1,0,1055.9,-1.0,-1.0,-1.0,1.8,-1.0,-1.0,-1.0
PROC,T0114,1,0,1330.8,-1.0,-1.0,-1.0,8.6,-1.0,-1.0,-1.0
PROC,T0115,1,0,1102.3,-1.0,-1.0,-1.0,1.8,-1.0,-1.0,-1.0
PROC,T0116,1,0,1428.6,-1.0,-1.0,-1.0,7.2,-1.0,-1.0,-1.0
PROC,T0117,1,0,1206.3,-1.0,-1.0,-1.0,2.6,-1.0,-1.0,-1.0
PROC,T0118,1,0,1303.8,-1.0,-1.0,-1.0,6.4,-1.0,-1.0,-1.0
PROC,T0119,2,0,1125.9,-1.0,-1.0,-1.0,4.2,-1.0,-1.0,-1.0
PROC,T0120,1,0,1261.3,-1.0,-1.0,-1.0,6.4,-1.0,-1.0,-1.0
PROC,T0121,1,0,1108.2,-1.0,-1.0,-1.0,2.4,-1.0,-1.0,-1.0
PROC,T0122,1,0,1300.3,-1.0,-1.0,-1.0,6.6,-1.0,-1.0,-1.0
PROC,T0123,1,0,1127.3,-1.0,-1.0,-1.0,2.0,-1.0,-1.0,-1.0
PROC,T0124,1,0,1262.0,-1.0,-1.0,-1.0,6.4,-1.0,-1.0,-1.0
PROC,T0125,1,0,1156.0,-1.0,-1.0,-1.0,1.8,-1.0,-1.0,-1.0
PROC,T0126,1,0,1355.0,-1.0,-1.0,-1.0,8.6,-1.0,-1.0,-1.0
PROC,T0127,1,0,1289.1,-1.0,-1.0,-1.0,1.8,-1.0,-1.0,-1.0
PROC,T0128,1,0,1359.2,-1.0,-1.0,-1.0,7.4,-1.0,-1.0,-1.0
PROC,T0129,1,0,1156.9,-1.0,-1.0,-1.0,2.6,-1.0,-1.0,-1.0
PROC,T0130,2,0,1275.7,-1.0,-1.0,-1.0,6.8,-1.0,-1.0,-1.0
PROC,T0131,1,0,1093.4,-1.0,-1.0,-1.0,4.2,-1.0,-1.0,-1.0
PROC,T0132,1,0,1268.7,-1.0,-1.0,-1.0,6.6,-1.0,-1.0,-1.0
PROC,T0133,1,0,1065.3,-1.0,-1.0,-1.0,1.8,-1.0,-1.0,-1.0
PROC,T0134,1,0,1242.4,-1.0,-1.0,-1.0,6.4,-1.0,-1.0,-1.0
PROC,T0135,1,0,1097.5,-1.0,-1.0,-1.0,2.0,-1.0,-1.0,-1.0
PROC,T0136,1,0,1292.1,-1.0,-1.0,-1.0,6.4,-1.0,-1.0,-1.0
PROC,T0137,1,0,1085.9,-1.0,-1.0,-1.0,1.8,-1.0,-1.0,-1.0
PROC,T0138,1,0,1319.6,-1.0,-1.0,-1.0,8.6,-1.0,-1.0,-1.0
PROC,T0139,1,0,1134.6,-1.0,-1.0,-1.0,2.4,-1.0,-1.0,-1.0
PROC,T0140,1,0,1350.4,-1.0,-1.0,-1.0,7.2,-1.0,-1.0,-1.0
PROC,T0141,1,0,1138.3,-1.0,-1.0,-1.0,2.6,-1.0,-1.0,-1.0
PROC,T0142,1,0,1226.5,-1.0,-1.0,-1.0,6.4,-1.0,-1.0,-1.0
PROC,T0143,1,0,1104.1,-1.0,-1.0,-1.0,4.2,-1.0,-1.0,-1.0
PROC,T0144,1,0,1237.1,-1.0,-1.0,-1.0,6.4,-1.0,-1.0,-1.0
PROC,T0145,1,0,1074.5,-1.0,-1.0,-1.0,1.8,-1.0,-1.0,-1.0
PROC,T0146,1,0,1250.1,-1.0,-1.0,-1.0,6.4,-1.0,-1.0,-1.0
PROC,T0147,1,0,1072.4,-1.0,-1.0,-1.0,2.0,-1.0,-1.0,-1.0
PROC,T0148,1,0,1298.0,-1.0,-1.0,-1.0,6.4,-1.0,-1.0,-1.0
PROC,T0149,1,0,1074.5,-1.0,-1.0,-1.0,1.8,-1.0,-1.0,-1.0
PROC,T0150,1,0,1623.5,-1.0,-1.0,-1.0,13.4,-1.0,-1.0,-1.0
PROC,T0151,1,0,1309.2,-1.0,-1.0,-1.0,1.8,-1.0,-1.0,-1.0
PROC,T0152,1,0,1536.5,-1.0,-1.0,-1.0,7.2,-1.0,-1.0,-1.0
PROC,T0153,1,0,1263.4,-1.0,-1.0,-1.0,2.6,-1.0,-1.0,-1.0
PROC,T0154,1,0,1285.5,-1.0,-1.0,-1.0,6.4,-1.0,-1.0,-1.0
PROC,T0155,1,0,1125.5,-1.0,-1.0,-1.0,4.2,-1.0,-1.0,-1.0
PROC,T0156,1,0,1305.5,-1.0,-1.0,-1.0,6.4,-1.0,-1.0,-1.0
PROC,T0157,1,0,1209.8,-1.0,-1.0,-1.0,1.8,-1.0,-1.0,-1.0
PROC,T0158,1,0,1323.6,-1.0,-1.0,-1.0,6.4,-1.0,-1.0,-1.0
PROC,T0159,1,0,1105.9,-1.0,-1.0,-1.0,2.0,-1.0,-1.0,-1.0
PROC,T0160,1,0,1269.0,-1.0,-1.0,-1.0,6.4,-1.0,-1.0,-1.0
PROC,T0161,1,0,1093.5,-1.0,-1.0,-1.0,1.8,-1.0,-1.0,-1.0
PROC,T0162,1,0,1355.5,-1.0,-1.0,-1.0,11.0,-1.0,-1.0,-1.0
PROC,T0163,1,0,1100.8,-1.0,-1.0,-1.0,1.8,-1.0,-1.0,-1.0
PROC,T0164,1,0,1312.1,-1.0,-1.0,-1.0,7.2,-1.0,-1.0,-1.0
PROC,T0165,1,0,1207.5,-1.0,-1.0,-1.0,2.6,-1.0,-1.0,-1.0
PROC,T0166,2,0,1306.3,-1.0,-1.0,-1.0,6.8,-1.0,-1.0,-1.0
PROC,T0167,1,0,1092.7,-1.0,-1.0,-1.0,4.2,-1.0,-1.0,-1.0
PROC,T0168,1,0,1304.3,-1.0,-1.0,-1.0,6.4,-1.0,-1.0,-1.0
PROC,T0169,1,0,1077.1,-1.0,-1.0,-1.0,1.8,-1.0,-1.0,-1.0
PROC,T0170,1,0,1296.4,-1.0,-1.0,-1.0,6.4,-1.0,-1.0,-1.0
PROC,T0171,1,0,1129.2,-1.0,-1.0,-1.0,2.0,-1.0,-1.0,-1.0
PROC,T0172,1,0,1332.0,-1.0,-1.0,-1.0,6.4,-1.0,-1.0,-1.0
PROC,T0173,1,0,1052.0,-1.0,-1.0,-1.0,1.8,-1.0,-1.0,-1.0
PROC,T0174,1,0,1375.8,-1.0,-1.0,-1.0,8.6,-1.0,-1.0,-1.0
PROC,T0175,1,0,1325.0,-1.0,-1.0,-1.0,1.8,-1.0,-1.0,-1.0
PROC,T0176,1,0,1322.8,-1.0,-1.0,-1.0,7.2,-1.0,-1.0,-1.0
PROC,T0177,1,0,1122.7,-1.0,-1.0,-1.0,2.6,-1.0,-1.0,-1.0
PROC,T0178,1,0,1298.4,-1.0,-1.0,-1.0,6.4,-1.0,-1.0,-1.0
PROC,T0179,2,0,1109.7,-1.0,-1.0,-1.0,4.6,-1.0,-1.0,-1.0
PROC,T0180,2,0,1276.9,-1.0,-1.0,-1.0,6.0,-1.0,-1.0,-1.0
PROC,T0181,1,0,1103.3,-1.0,-1.0,-1.0,2.8,-1.0,-1.0,-1.0
PROC,T0182,1,0,1393.7,-1.0,-1.0,-1.0,5.6,-1.0,-1.0,-1.0
PROC,T0183,1,0,1177.2,-1.0,-1.0,-1.0,3.0,-1.0,-1.0,-1.0
PROC,T0184,1,0,1271.7,-1.0,-1.0,-1.0,5.4,-1.0,-1.0,-1.0
PROC,T0185,1,0,1107.5,-1.0,-1.0,-1.0,2.8,-1.0,-1.0,-1.0
PROC,T0186,1,0,1514.2,-1.0,-1.0,-1.0,18.0,-1.0,-1.0,-1.0
PROC,T0187,1,0,1124.3,-1.0,-1.0,-1.0,2.8,-1.0,-1.0,-1.0
PROC,T0188,1,0,2144.1,-1.0,-1.0,-1.0,6.6,-1.0,-1.0,-1.0
PROC,T0189,1,0,1233.5,-1.0,-1.0,-1.0,3.6,-1.0,-1.0,-1.0
PROC,T0190,1,0,1298.0,-1.0,-1.0,-1.0,5.6,-1.0,-1.0,-1.0
PROC,T0191,1,0,1105.6,-1.0,-1.0,-1.0,5.2,-1.0,-1.0,-1.0
PROC,T0192,1,0,1301.7,-1.0,-1.0,-1.0,6.4,-1.0,-1.0,-1.0
PROC,T0193,1,0,1033.7,-1.0,-1.0,-1.0,1.8,-1.0,-1.0,-1.0
PROC,T0194,1,0,1232.5,-1.0,-1.0,-1.0,6.4,-1.0,-1.0,-1.0
PROC,T0195,1,0,1141.7,-1.0,-1.0,-1.0,2.4,-1.0,-1.0,-1.0
PROC,T0196,1,0,1293.7,-1.0,-1.0,-1.0,6.4,-1.0,-1.0,-1.0
PROC,T0197,1,0,1065.6,-1.0,-1.0,-1.0,1.8,-1.0,-1.0,-1.0
PROC,T0198,2,0,1335.2,-1.0,-1.0,-1.0,8.6,-1.0,-1.0,-1.0
PROC,T0199,1,0,1096.8,-1.0,-1.0,-1.0,1.8,-1.0,-1.0,-1.0
PROC,T0200,1,0,1354.3,-1.0,-1.0,-1.0,7.2,-1.0,-1.0,-1.0
PROC,T0201,1,0,1188.9,-1.0,-1.0,-1.0,2.6,-1.0,-1.0,-1.0
PROC,T0202,1,0,1328.7,-1.0,-1.0,-1.0,6.4,-1.0,-1.0,-1.0
PROC,T0203,1,0,1145.0,-1.0,-1.0,-1.0,4.6,-1.0,-1.0,-1.0
PROC,T0204,1,0,1258.3,-1.0,-1.0,-1.0,6.4,-1.0,-1.0,-1.0
PROC,T0205,1,0,1094.8,-1.0,-1.0,-1.0,1.8,-1.0,-1.0,-1.0
PROC,T0206,1,0,1276.0,-1.0,-1.0,-1.0,6.4,-1.0,-1.0,-1.0
PROC,T0207,1,0,1141.2,-1.0,-1.0,-1.0,2.0,-1.0,-1.0,-1.0
PROC,T0208,1,0,1239.6,-1.0,-1.0,-1.0,6.4,-1.0,-1.0,-1.0
PROC,T0209,1,0,1072.4,-1.0,-1.0,-1.0,1.8,-1.0,-1.0,-1.0
PROC,T0210,1,0,1420.7,-1.0,-1.0,-1.0,11.4,-1.0,-1.0,-1.0
PROC,T0211,1,0,1087.2,-1.0,-1.0,-1.0,1.8,-1.0,-1.0,-1.0
PROC,T0212,3,0,3028.7,-1.0,-1.0,-1.0,7.2,-1.0,-1.0,-1.0
PROC,T0213,1,0,1585.3,-1.0,-1.0,-1.0,2.6,-1.0,-1.0,-1.0
PROC,T0214,1,0,1509.1,-1.0,-1.0,-1.0,6.4,-1.0,-1.0,-1.0
PROC,T0215,1,0,1141.6,-1.0,-1.0,-1.0,4.2,-1.0,-1.0,-1.0
PROC,T0216,1,0,1331.2,-1.0,-1.0,-1.0,6.4,-1.0,-1.0,-1.0
PROC,T0217,1,0,1072.1,-1.0,-1.0,-1.0,1.8,-1.0,-1.0,-1.0
PROC,T0218,1,0,1268.4,-1.0,-1.0,-1.0,6.4,-1.0,-1.0,-1.0
PROC,T0219,1,0,1116.3,-1.0,-1.0,-1.0,2.0,-1.0,-1.0,-1.0
PROC,T0220,1,0,1282.2,-1.0,-1.0,-1.0,8.8,-1.0,-1.0,-1.0
PROC,T0221,1,0,1116.6,-1.0,-1.0,-1.0,1.8,-1.0,-1.0,-1.0
PROC,T0222,1,0,1304.0,-1.0,-1.0,-1.0,8.6,-1.0,-1.0,-1.0
PROC,T0223,1,0,1082.8,-1.0,-1.0,-1.0,1.8,-1.0,-1.0,-1.0
PROC,T0224,1,0,1286.1,-1.0,-1.0,-1.0,7.2,-1.0,-1.0,-1.0
PROC,T0225,1,0,1168.9,-1.0,-1.0,-1.0,2.6,-1.0,-1.0,-1.0
PROC,T0226,1,0,1292.1,-1.0,-1.0,-1.0,6.4,-1.0,-1.0,-1.0
PROC,T0227,1,0,1107.4,-1.0,-1.0,-1.0,4.2,-1.0,-1.0,-1.0
PROC,T0228,1,0,1318.0,-1.0,-1.0,-1.0,6.4,-1.0,-1.0,-1.0
PROC,T0229,1,0,1119.9,-1.0,-1.0,-1.0,1.8,-1.0,-1.0,-1.0
PROC,T0230,1,0,1532.5,-1.0,-1.0,-1.0,6.4,-1.0,-1.0,-1.0
PROC,T0231,1,0,1103.6,-1.0,-1.0,-1.0,2.0,-1.0,-1.0,-1.0
PROC,T0232,1,0,1298.9,-1.0,-1.0,-1.0,6.4,-1.0,-1.0,-1.0
PROC,T0233,1,0,1064.5,-1.0,-1.0,-1.0,1.8,-1.0,-1.0,-1.0
PROC,T0234,1,0,1398.7,-1.0,-1.0,-1.0,8.6,-1.0,-1.0,-1.0
PROC,T0235,1,0,1082.1,-1.0,-1.0,-1.0,1.8,-1.0,-1.0,-1.0
PROC,T0236,2,0,1552.9,-1.0,-1.0,-1.0,7.2,-1.0,-1.0,-1.0
PROC,T0237,1,0,1164.0,-1.0,-1.0,-1.0,2.6,-1.0,-1.0,-1.0
PROC,T0238,1,0,1277.8,-1.0,-1.0,-1.0,6.4,-1.0,-1.0,-1.0
PROC,T0239,1,0,1108.8,-1.0,-1.0,-1.0,4.6,-1.0,-1.0,-1.0
PROC,T0240,1,0,1287.9,-1.0,-1.0,-1.0,6.4,-1.0,-1.0,-1.0
PROC,T0241,1,0,1093.0,-1.0,-1.0,-1.0,1.8,-1.0,-1.0,-1.0
PROC,T0242,1,0,1307.8,-1.0,-1.0,-1.0,6.6,-1.0,-1.0,-1.0
PROC,T0243,1,0,1121.4,-1.0,-1.0,-1.0,2.0,-1.0,-1.0,-1.0
PROC,T0244,1,0,1280.2,-1.0,-1.0,-1.0,6.8,-1.0,-1.0,-1.0
PROC,T0245,1,0,1070.6,-1.0,-1.0,-1.0,1.8,-1.0,-1.0,-1.0
PROC,T0246,1,0,1425.6,-1.0,-1.0,-1.0,8.8,-1.0,-1.0,-1.0
PROC,T0247,1,0,1062.1,-1.0,-1.0,-1.0,1.8,-1.0,-1.0,-1.0
PROC,T0248,1,0,1349.1,-1.0,-1.0,-1.0,7.4,-1.0,-1.0,-1.0
PROC,T0249,1,0,1183.5,-1.0,-1.0,-1.0,2.6,-1.0,-1.0,-1.0
PROC,T0250,1,0,1248.1,-1.0,-1.0,-1.0,6.4,-1.0,-1.0,-1.0
PROC,T0251,1,0,1113.2,-1.0,-1.0,-1.0,4.2,-1.0,-1.0,-1.0
PROC,T0252,1,0,1265.4,-1.0,-1.0,-1.0,6.4,-1.0,-1.0,-1.0
PROC,T0253,1,0,1050.0,-1.0,-1.0,-1.0,1.8,-1.0,-1.0,-1.0
PROC,T0254,1,0,1277.8,-1.0,-1.0,-1.0,6.4,-1.0,-1.0,-1.0
PROC,T0255,1,0,1098.0,-1.0,-1.0,-1.0,2.0,-1.0,-1.0,-1.0
PROC,T0256,1,0,1295.3,-1.0,-1.0,-1.0,6.4,-1.0,-1.0,-1.0
PROC,T0257,1,0,1072.8,-1.0,-1.0,-1.0,1.8,-1.0,-1.0,-1.0
PROC,T0258,1,0,1343.8,-1.0,-1.0,-1.0,8.6,-1.0,-1.0,-1.0
PROC,T0259,1,0,1056.3,-1.0,-1.0,-1.0,1.8,-1.0,-1.0,-1.0
PROC,T0260,1,0,1430.9,-1.0,-1.0,-1.0,7.2,-1.0,-1.0,-1.0
PROC,T0261,1,0,1195.5,-1.0,-1.0,-1.0,2.6,-1.0,-1.0,-1.0
PROC,T0262,1,0,1290.2,-1.0,-1.0,-1.0,6.4,-1.0,-1.0,-1.0
PROC,T0263,1,0,1100.4,-1.0,-1.0,-1.0,4.2,-1.0,-1.0,-1.0
PROC,T0264,1,0,1263.9,-1.0,-1.0,-1.0,6.4,-1.0,-1.0,-1.0
PROC,T0265,1,0,1052.2,-1.0,-1.0,-1.0,1.8,-1.0,-1.0,-1.0
PROC,T0266,1,0,1262.6,-1.0,-1.0,-1.0,6.4,-1.0,-1.0,-1.0
PROC,T0267,1,0,1145.4,-1.0,-1.0,-1.0,2.0,-1.0,-1.0,-1.0
PROC,T0268,1,0,1256.2,-1.0,-1.0,-1.0,6.4,-1.0,-1.0,-1.0
PROC,T0269,1,0,1103.4,-1.0,-1.0,-1.0,1.8,-1.0,-1.0,-1.0
PROC,T0270,1,0,1355.0,-1.0,-1.0,-1.0,11.2,-1.0,-1.0,-1.0
PROC,T0271,1,0,1424.3,-1.0,-1.0,-1.0,2.2,-1.0,-1.0,-1.0
PROC,T0272,1,0,1342.8,-1.0,-1.0,-1.0,7.2,-1.0,-1.0,-1.0
PROC,T0273,1,0,1215.4,-1.0,-1.0,-1.0,2.6,-1.0,-1.0,-1.0
PROC,T0274,1,0,1377.0,-1.0,-1.0,-1.0,6.4,-1.0,-1.0,-1.0
PROC,T0275,1,0,1362.1,-1.0,-1.0,-1.0,4.6,-1.0,-1.0,-1.0
PROC,T0276,1,0,1524.2,-1.0,-1.0,-1.0,6.4,-1.0,-1.0,-1.0
PROC,T0277,1,0,1200.9,-1.0,-1.0,-1.0,1.8,-1.0,-1.0,-1.0
PROC,T0278,1,0,1417.4,-1.0,-1.0,-1.0,6.4,-1.0,-1.0,-1.0
PROC,T0279,1,0,1085.4,-1.0,-1.0,-1.0,2.0,-1.0,-1.0,-1.0
PROC,T0280,1,0,1292.1,-1.0,-1.0,-1.0,6.4,-1.0,-1.0,-1.0
PROC,T0281,1,0,1065.9,-1.0,-1.0,-1.0,1.8,-1.0,-1.0,-1.0
PROC,T0282,1,0,1322.3,-1.0,-1.0,-1.0,8.6,-1.0,-1.0,-1.0
PROC,T0283,1,0,1097.6,-1.0,-1.0,-1.0,1.8,-1.0,-1.0,-1.0
PROC,T0284,1,0,1350.9,-1.0,-1.0,-1.0,7.2,-1.0,-1.0,-1.0
PROC,T0285,1,0,1198.9,-1.0,-1.0,-1.0,2.6,-1.0,-1.0,-1.0
PROC,T0286,1,0,1275.8,-1.0,-1.0,-1.0,6.4,-1.0,-1.0,-1.0
PROC,T0287,1,0,1115.2,-1.0,-1.0,-1.0,4.2,-1.0,-1.0,-1.0
PROC,T0288,1,0,1278.3,-1.0,-1.0,-1.0,6.4,-1.0,-1.0,-1.0
PROC,T0289,1,0,1073.3,-1.0,-1.0,-1.0,1.8,-1.0,-1.0,-1.0
PROC,T0290,1,0,1321.4,-1.0,-1.0,-1.0,6.4,-1.0,-1.0,-1.0
PROC,T0291,1,0,1126.7,-1.0,-1.0,-1.0,2.0,-1.0,-1.0,-1.0
PROC,T0292,1,0,1323.1,-1.0,-1.0,-1.0,6.4,-1.0,-1.0,-1.0
PROC,T0293,1,0,1093.9,-1.0,-1.0,-1.0,1.8,-1.0,-1.0,-1.0
PROC,T0294,1,0,1337.9,-1.0,-1.0,-1.0,8.6,-1.0,-1.0,-1.0
PROC,T0295,1,0,1709.9,-1.0,-1.0,-1.0,1.8,-1.0,-1.0,-1.0
PROC,T0296,1,0,1323.0,-1.0,-1.0,-1.0,7.2,-1.0,-1.0,-1.0
PROC,T0297,1,0,1209.7,-1.0,-1.0,-1.0,2.6,-1.0,-1.0,-1.0
PROC,T0298,1,0,1228.4,-1.0,-1.0,-1.0,6.4,-1.0,-1.0,-1.0
PROC,T0299,1,0,1098.0,-1.0,-1.0,-1.0,4.2,-1.0,-1.0,-1.0
PROC,T0300,1,0,1263.4,-1.0,-1.0,-1.0,6.4,-1.0,-1.0,-1.0
PROC,T0301,1,0,1070.3,-1.0,-1.0,-1.0,1.8,-1.0,-1.0,-1.0
PROC,T0302,1,0,1347.1,-1.0,-1.0,-1.0,6.6,-1.0,-1.0,-1.0
PROC,T0303,1,0,1095.1,-1.0,-1.0,-1.0,2.0,-1.0,-1.0,-1.0
PROC,T0304,1,0,1258.9,-1.0,-1.0,-1.0,6.4,-1.0,-1.0,-1.0
PROC,T0305,1,0,1048.3,-1.0,-1.0,-1.0,1.8,-1.0,-1.0,-1.0
PROC,T0306,1,0,1438.7,-1.0,-1.0,-1.0,8.6,-1.0,-1.0,-1.0
PROC,T0307,1,0,1085.5,-1.0,-1.0,-1.0,1.8,-1.0,-1.0,-1.0
PROC,T0308,1,0,1465.1,-1.0,-1.0,-1.0,7.4,-1.0,-1.0,-1.0
PROC,T0309,1,0,1192.1,-1.0,-1.0,-1.0,2.6,-1.0,-1.0,-1.0
PROC,T0310,1,0,1268.8,-1.0,-1.0,-1.0,6.4,-1.0,-1.0,-1.0
PROC,T0311,1,0,1126.7,-1.0,-1.0,-1.0,4.6,-1.0,-1.0,-1.0
PROC,T0312,1,0,1285.2,-1.0,-1.0,-1.0,6.4,-1.0,-1.0,-1.0
PROC,T0313,1,0,1074.9,-1.0,-1.0,-1.0,1.8,-1.0,-1.0,-1.0
PROC,T0314,1,0,1195.6,-1.0,-1.0,-1.0,6.4,-1.0,-1.0,-1.0
PROC,T0315,1,0,1170.3,-1.0,-1.0,-1.0,2.4,-1.0,-1.0,-1.0
PROC,T0316,1,0,1293.0,-1.0,-1.0,-1.0,6.4,-1.0,-1.0,-1.0
PROC,T0317,1,0,1085.8,-1.0,-1.0,-1.0,1.8,-1.0,-1.0,-1.0
PROC,T0318,1,0,1327.0,-1.0,-1.0,-1.0,8.6,-1.0,-1.0,-1.0
PROC,T0319,1,0,1132.0,-1.0,-1.0,-1.0,1.8,-1.0,-1.0,-1.0
PROC,T0320,1,0,1398.7,-1.0,-1.0,-1.0,7.2,-1.0,-1.0,-1.0
PROC,T0321,1,0,1153.4,-1.0,-1.0,-1.0,2.6,-1.0,-1.0,-1.0
PROC,T0322,1,0,1269.5,-1.0,-1.0,-1.0,6.4,-1.0,-1.0,-1.0
PROC,T0323,1,0,1077.0,-1.0,-1.0,-1.0,4.2,-1.0,-1.0,-1.0
PROC,T0324,1,0,1352.0,-1.0,-1.0,-1.0,6.8,-1.0,-1.0,-1.0
PROC,T0325,1,0,1068.2,-1.0,-1.0,-1.0,1.8,-1.0,-1.0,-1.0
PROC,T0326,1,0,1334.0,-1.0,-1.0,-1.0,6.4,-1.0,-1.0,-1.0
PROC,T0327,1,0,1157.8,-1.0,-1.0,-1.0,2.0,-1.0,-1.0,-1.0
PROC,T0328,1,0,1270.1,-1.0,-1.0,-1.0,6.4,-1.0,-1.0,-1.0
PROC,T0329,1,0,1074.1,-1.0,-1.0,-1.0,1.8,-1.0,-1.0,-1.0
PROC,T0330,1,0,1359.5,-1.0,-1.0,-1.0,11.2,-1.0,-1.0,-1.0
PROC,T0331,1,0,1047.5,-1.0,-1.0,-1.0,1.8,-1.0,-1.0,-1.0
PROC,T0332,1,0,1391.3,-1.0,-1.0,-1.0,7.6,-1.0,-1.0,-1.0
PROC,T0333,1,0,1189.9,-1.0,-1.0,-1.0,2.6,-1.0,-1.0,-1.0
PROC,T0334,1,0,1297.2,-1.0,-1.0,-1.0,6.4,-1.0,-1.0,-1.0
PROC,T0335,1,0,1123.4,-1.0,-1.0,-1.0,4.2,-1.0,-1.0,-1.0
PROC,T0336,1,0,1331.5,-1.0,-1.0,-1.0,6.4,-1.0,-1.0,-1.0
PROC,T0337,1,0,1335.4,-1.0,-1.0,-1.0,1.8,-1.0,-1.0,-1.0
PROC,T0338,1,0,1491.1,-1.0,-1.0,-1.0,6.4,-1.0,-1.0,-1.0
PROC,T0339,1,0,1256.0,-1.0,-1.0,-1.0,2.0,-1.0,-1.0,-1.0
PROC,T0340,1,0,1258.7,-1.0,-1.0,-1.0,8.8,-1.0,-1.0,-1.0
PROC,T0341,1,0,1087.9,-1.0,-1.0,-1.0,1.8,-1.0,-1.0,-1.0
PROC,T0342,1,0,1304.6,-1.0,-1.0,-1.0,8.6,-1.0,-1.0,-1.0
PROC,T0343,1,0,1053.5,-1.0,-1.0,-1.0,1.8,-1.0,-1.0,-1.0
PROC,T0344,1,0,1433.1,-1.0,-1.0,-1.0,7.2,-1.0,-1.0,-1.0
PROC,T0345,1,0,1175.6,-1.0,-1.0,-1.0,2.6,-1.0,-1.0,-1.0
PROC,T0346,1,0,1318.7,-1.0,-1.0,-1.0,6.4,-1.0,-1.0,-1.0
PROC,T0347,1,0,1121.0,-1.0,-1.0,-1.0,4.6,-1.0,-1.0,-1.0
PROC,T0348,1,0,1331.8,-1.0,-1.0,-1.0,6.4,-1.0,-1.0,-1.0
PROC,T0349,1,0,1058.4,-1.0,-1.0,-1.0,1.8,-1.0,-1.0,-1.0
PROC,T0350,1,0,1309.6,-1.0,-1.0,-1.0,6.4,-1.0,-1.0,-1.0
PROC,T0351,1,0,1249.5,-1.0,-1.0,-1.0,2.0,-1.0,-1.0,-1.0
PROC,T0352,1,0,1336.6,-1.0,-1.0,-1.0,6.4,-1.0,-1.0,-1.0
PROC,T0353,1,0,1063.6,-1.0,-1.0,-1.0,1.8,-1.0,-1.0,-1.0
PROC,T0354,1,0,1337.1,-1.0,-1.0,-1.0,8.6,-1.0,-1.0,-1.0
PROC,T0355,1,0,1087.1,-1.0,-1.0,-1.0,1.8,-1.0,-1.0,-1.0
PROC,T0356,1,0,1351.7,-1.0,-1.0,-1.0,7.2,-1.0,-1.0,-1.0
PROC,T0357,1,0,1201.9,-1.0,-1.0,-1.0,2.6,-1.0,-1.0,-1.0
PROC,T0358,1,0,1301.0,-1.0,-1.0,-1.0,6.4,-1.0,-1.0,-1.0
PROC,T0359,3,0,1133.6,-1.0,-1.0,-1.0,5.2,-1.0,-1.0,-1.0
PROC,T0360,1,0,1283.7,-1.0,-1.0,-1.0,5.4,-1.0,-1.0,-1.0
PROC,T0361,1,0,1099.9,-1.0,-1.0,-1.0,2.8,-1.0,-1.0,-1.0
PROC,T0362,1,0,1299.2,-1.0,-1.0,-1.0,5.6,-1.0,-1.0,-1.0
PROC,T0363,1,0,1139.2,-1.0,-1.0,-1.0,3.0,-1.0,-1.0,-1.0
PROC,T0364,1,0,1268.8,-1.0,-1.0,-1.0,5.4,-1.0,-1.0,-1.0
PROC,T0365,1,0,1106.3,-1.0,-1.0,-1.0,2.8,-1.0,-1.0,-1.0
PROC,T0366,1,0,1294.9,-1.0,-1.0,-1.0,7.6,-1.0,-1.0,-1.0
PROC,T0367,1,0,1279.3,-1.0,-1.0,-1.0,2.8,-1.0,-1.0,-1.0
PROC,T0368,1,0,1378.1,-1.0,-1.0,-1.0,6.4,-1.0,-1.0,-1.0
PROC,T0369,1,0,1194.0,-1.0,-1.0,-1.0,3.6,-1.0,-1.0,-1.0
PROC,T0370,1,0,1325.6,-1.0,-1.0,-1.0,6.5,-1.0,-1.0,-1.0
PROC,T0371,1,0,1078.2,-1.0,-1.0,-1.0,4.2,-1.0,-1.0,-1.0
PROC,T0372,1,0,1278.8,-1.0,-1.0,-1.0,6.4,-1.0,-1.0,-1.0
PROC,T0373,1,1,1048.7,-1.0,-1.0,-1.0,1.8,-1.0,-1.0,-1.0
PROC,T0374,1,0,1167.7,-1.0,-1.0,-1.0,6.4,-1.0,-1.0,-1.0
PROC,T0375,1,0,1250.9,-1.0,-1.0,-1.0,2.0,-1.0,-1.0,-1.0
PROC,T0376,1,0,1251.3,-1.0,-1.0,-1.0,6.4,-1.0,-1.0,-1.0
PROC,T0377,1,0,1075.5,-1.0,-1.0,-1.0,1.8,-1.0,-1.0,-1.0
PROC,T0378,1,0,1277.2,-1.0,-1.0,-1.0,8.6,-1.0,-1.0,-1.0
PROC,T0379,1,0,1091.2,-1.0,-1.0,-1.0,1.8,-1.0,-1.0,-1.0
PROC,T0380,1,0,1363.7,-1.0,-1.0,-1.0,7.2,-1.0,-1.0,-1.0
PROC,T0381,1,0,1177.6,-1.0,-1.0,-1.0,2.6,-1.0,-1.0,-1.0
PROC,T0382,1,0,1271.2,-1.0,-1.0,-1.0,6.4,-1.0,-1.0,-1.0
PROC,T0383,1,0,1139.6,-1.0,-1.0,-1.0,4.6,-1.0,-1.0,-1.0
PROC,T0384,1,0,1315.4,-1.0,-1.0,-1.0,6.4,-1.0,-1.0,-1.0
PROC,T0385,1,0,1049.1,-1.0,-1.0,-1.0,1.8,-1.0,-1.0,-1.0
PROC,T0386,1,0,1299.6,-1.0,-1.0,-1.0,6.4,-1.0,-1.0,-1.0
PROC,T0387,1,0,1096.8,-1.0,-1.0,-1.0,2.0,-1.0,-1.0,-1.0
PROC,T0388,1,0,1315.2,-1.0,-1.0,-1.0,6.4,-1.0,-1.0,-1.0
PROC,T0389,1,0,1048.6,-1.0,-1.0,-1.0,1.8,-1.0,-1.0,-1.0
PROC,T0390,1,0,1345.0,-1.0,-1.0,-1.0,11.2,-1.0,-1.0,-1.0
PROC,T0391,1,0,1257.6,-1.0,-1.0,-1.0,1.8,-1.0,-1.0,-1.0
PROC,T0392,1,0,1333.2,-1.0,-1.0,-1.0,7.2,-1.0,-1.0,-1.0
PROC,T0393,1,0,1212.7,-1.0,-1.0,-1.0,3.0,-1.0,-1.0,-1.0
PROC,T0394,1,0,1265.3,-1.0,-1.0,-1.0,6.4,-1.0,-1.0,-1.0
PROC,T0395,1,0,1099.5,-1.0,-1.0,-1.0,4.2,-1.0,-1.0,-1.0
PROC,T0396,1,0,1252.3,-1.0,-1.0,-1.0,6.4,-1.0,-1.0,-1.0
PROC,T0397,1,0,1090.0,-1.0,-1.0,-1.0,1.8,-1.0,-1.0,-1.0
PROC,T0398,1,0,1306.0,-1.0,-1.0,-1.0,6.4,-1.0,-1.0,-1.0
PROC,T0399,2,0,1332.4,-1.0,-1.0,-1.0,2.0,-1.0,-1.0,-1.0
PROC,T0400,1,0,1607.5,-1.0,-1.0,-1.0,6.4,-1.0,-1.0,-1.0
PROC,T0401,1,0,1324.4,-1.0,-1.0,-1.0,1.8,-1.0,-1.0,-1.0
PROC,T0402,1,0,1282.5,-1.0,-1.0,-1.0,8.6,-1.0,-1.0,-1.0
PROC,T0403,1,0,1081.0,-1.0,-1.0,-1.0,1.8,-1.0,-1.0,-1.0
PROC,T0404,1,0,1365.7,-1.0,-1.0,-1.0,7.2,-1.0,-1.0,-1.0
PROC,T0405,1,0,1230.8,-1.0,-1.0,-1.0,2.6,-1.0,-1.0,-1.0
PROC,T0406,1,0,1276.4,-1.0,-1.0,-1.0,6.4,-1.0,-1.0,-1.0
PROC,T0407,1,0,1137.6,-1.0,-1.0,-1.0,4.2,-1.0,-1.0,-1.0
PROC,T0408,1,0,1274.5,-1.0,-1.0,-1.0,6.4,-1.0,-1.0,-1.0
PROC,T0409,1,0,1050.8,-1.0,-1.0,-1.0,1.8,-1.0,-1.0,-1.0
PROC,T0410,1,0,1295.0,-1.0,-1.0,-1.0,6.4,-1.0,-1.0,-1.0
PROC,T0411,1,0,1079.8,-1.0,-1.0,-1.0,2.0,-1.0,-1.0,-1.0
PROC,T0412,1,0,1264.7,-1.0,-1.0,-1.0,6.4,-1.0,-1.0,-1.0
PROC,T0413,1,0,1085.2,-1.0,-1.0,-1.0,1.8,-1.0,-1.0,-1.0
PROC,T0414,1,0,1290.7,-1.0,-1.0,-1.0,8.6,-1.0,-1.0,-1.0
PROC,T0415,1,0,1065.6,-1.0,-1.0,-1.0,1.8,-1.0,-1.0,-1.0
PROC,T0416,1,0,1367.2,-1.0,-1.0,-1.0,7.6,-1.0,-1.0,-1.0
PROC,T0417,2,0,1193.3,-1.0,-1.0,-1.0,2.6,-1.0,-1.0,-1.0
PROC,T0418,1,0,1287.5,-1.0,-1.0,-1.0,6.4,-1.0,-1.0,-1.0
PROC,T0419,1,0,1123.8,-1.0,-1.0,-1.0,4.6,-1.0,-1.0,-1.0
PROC,T0420,1,0,1255.5,-1.0,-1.0,-1.0,6.4,-1.0,-1.0,-1.0
PROC,T0421,1,0,1057.3,-1.0,-1.0,-1.0,1.8,-1.0,-1.0,-1.0
PROC,T0422,1,0,1237.3,-1.0,-1.0,-1.0,6.4,-1.0,-1.0,-1.0
PROC,T0423,1,0,1136.6,-1.0,-1.0,-1.0,2.2,-1.0,-1.0,-1.0
PROC,T0424,1,0,1357.6,-1.0,-1.0,-1.0,6.4,-1.0,-1.0,-1.0
PROC,T0425,1,0,1073.8,-1.0,-1.0,-1.0,1.8,-1.0,-1.0,-1.0
PROC,T0426,1,0,1285.9,-1.0,-1.0,-1.0,8.6,-1.0,-1.0,-1.0
PROC,T0427,1,0,1091.4,-1.0,-1.0,-1.0,1.8,-1.0,-1.0,-1.0
PROC,T0428,1,0,1376.3,-1.0,-1.0,-1.0,7.6,-1.0,-1.0,-1.0
PROC,T0429,1,0,1187.9,-1.0,-1.0,-1.0,2.6,-1.0,-1.0,-1.0
PROC,T0430,1,0,1237.7,-1.0,-1.0,-1.0,6.4,-1.0,-1.0,-1.0
PROC,T0431,1,0,1077.8,-1.0,-1.0,-1.0,4.2,-1.0,-1.0,-1.0
PROC,T0432,1,0,1294.0,-1.0,-1.0,-1.0,6.4,-1.0,-1.0,-1.0
PROC,T0433,1,0,1043.2,-1.0,-1.0,-1.0,1.8,-1.0,-1.0,-1.0
PROC,T0434,1,0,1216.1,-1.0,-1.0,-1.0,6.4,-1.0,-1.0,-1.0
PROC,T0435,1,0,1111.6,-1.0,-1.0,-1.0,2.4,-1.0,-1.0,-1.0
PROC,T0436,1,0,1288.2,-1.0,-1.0,-1.0,6.4,-1.0,-1.0,-1.0
PROC,T0437,1,0,1072.2,-1.0,-1.0,-1.0,1.8,-1.0,-1.0,-1.0
PROC,T0438,1,0,1356.5,-1.0,-1.0,-1.0,8.6,-1.0,-1.0,-1.0
PROC,T0439,1,0,1317.6,-1.0,-1.0,-1.0,1.8,-1.0,-1.0,-1.0
PROC,T0440,1,0,1385.4,-1.0,-1.0,-1.0,7.2,-1.0,-1.0,-1.0
PROC,T0441,1,0,1164.7,-1.0,-1.0,-1.0,2.6,-1.0,-1.0,-1.0
PROC,T0442,1,0,1250.0,-1.0,-1.0,-1.0,6.4,-1.0,-1.0,-1.0
PROC,T0443,1,0,1095.4,-1.0,-1.0,-1.0,4.2,-1.0,-1.0,-1.0
PROC,T0444,1,0,1300.8,-1.0,-1.0,-1.0,6.4,-1.0,-1.0,-1.0
PROC,T0445,1,0,1057.1,-1.0,-1.0,-1.0,1.8,-1.0,-1.0,-1.0
PROC,T0446,1,0,1283.1,-1.0,-1.0,-1.0,6.4,-1.0,-1.0,-1.0
PROC,T0447,1,0,1128.1,-1.0,-1.0,-1.0,2.0,-1.0,-1.0,-1.0
PROC,T0448,1,0,1293.6,-1.0,-1.0,-1.0,6.4,-1.0,-1.0,-1.0
PROC,T0449,1,0,1110.8,-1.0,-1.0,-1.0,1.8,-1.0,-1.0,-1.0
PROC,T0450,1,0,1342.5,-1.0,-1.0,-1.0,10.8,-1.0,-1.0,-1.0
PROC,T0451,1,0,1079.4,-1.0,-1.0,-1.0,1.8,-1.0,-1.0,-1.0
PROC,T0452,1,0,1259.7,-1.0,-1.0,-1.0,7.2,-1.0,-1.0,-1.0
PROC,T0453,1,0,1198.8,-1.0,-1.0,-1.0,3.6,-1.0,-1.0,-1.0
PROC,T0454,1,0,1373.2,-1.0,-1.0,-1.0,6.8,-1.0,-1.0,-1.0
PROC,T0455,1,0,1139.6,-1.0,-1.0,-1.0,4.6,-1.0,-1.0,-1.0
PROC,T0456,1,0,1305.4,-1.0,-1.0,-1.0,6.4,-1.0,-1.0,-1.0
PROC,T0457,1,0,1067.7,-1.0,-1.0,-1.0,1.8,-1.0,-1.0,-1.0
PROC,T0458,1,0,1246.4,-1.0,-1.0,-1.0,6.4,-1.0,-1.0,-1.0
PROC,T0459,1,0,1080.9,-1.0,-1.0,-1.0,2.0,-1.0,-1.0,-1.0
PROC,T0460,1,0,1336.0,-1.0,-1.0,-1.0,8.8,-1.0,-1.0,-1.0
PROC,T0461,1,0,1250.7,-1.0,-1.0,-1.0,1.8,-1.0,-1.0,-1.0
PROC,T0462,1,0,1543.5,-1.0,-1.0,-1.0,8.6,-1.0,-1.0,-1.0
PROC,T0463,1,0,1299.1,-1.0,-1.0,-1.0,1.8,-1.0,-1.0,-1.0
PROC,T0464,1,0,1439.8,-1.0,-1.0,-1.0,7.2,-1.0,-1.0,-1.0
PROC,T0465,1,0,1196.4,-1.0,-1.0,-1.0,2.6,-1.0,-1.0,-1.0
PROC,T0466,1,0,1271.2,-1.0,-1.0,-1.0,6.4,-1.0,-1.0,-1.0
PROC,T0467,1,0,1109.2,-1.0,-1.0,-1.0,4.2,-1.0,-1.0,-1.0
PROC,T0468,1,0,1283.8,-1.0,-1.0,-1.0,6.4,-1.0,-1.0,-1.0
PROC,T0469,1,0,1084.5,-1.0,-1.0,-1.0,1.8,-1.0,-1.0,-1.0
PROC,T0470,1,0,1286.8,-1.0,-1.0,-1.0,6.4,-1.0,-1.0,-1.0
PROC,T0471,1,0,1126.4,-1.0,-1.0,-1.0,2.0,-1.0,-1.0,-1.0
PROC,T0472,1,0,1355.4,-1.0,-1.0,-1.0,6.4,-1.0,-1.0,-1.0
PROC,T0473,1,0,1111.8,-1.0,-1.0,-1.0,1.8,-1.0,-1.0,-1.0
PROC,T0474,1,0,1274.3,-1.0,-1.0,-1.0,8.6,-1.0,-1.0,-1.0
PROC,T0475,1,0,1059.9,-1.0,-1.0,-1.0,1.8,-1.0,-1.0,-1.0
PROC,T0476,1,0,1326.9,-1.0,-1.0,-1.0,7.2,-1.0,-1.0,-1.0
PROC,T0477,1,0,1176.0,-1.0,-1.0,-1.0,2.6,-1.0,-1.0,-1.0
PROC,T0478,1,0,1326.2,-1.0,-1.0,-1.0,6.4,-1.0,-1.0,-1.0
PROC,T0479,1,0,1064.7,-1.0,-1.0,-1.0,4.2,-1.0,-1.0,-1.0
PROC,T0480,1,0,1316.7,-1.0,-1.0,-1.0,6.4,-1.0,-1.0,-1.0
PROC,T0481,1,0,1060.3,-1.0,-1.0,-1.0,1.8,-1.0,-1.0,-1.0
PROC,T0482,1,0,1256.9,-1.0,-1.0,-1.0,6.4,-1.0,-1.0,-1.0
PROC,T0483,1,0,1126.2,-1.0,-1.0,-1.0,2.2,-1.0,-1.0,-1.0
PROC,T0484,2,0,1322.9,-1.0,-1.0,-1.0,6.4,-1.0,-1.0,-1.0
PROC,T0485,1,0,1032.3,-1.0,-1.0,-1.0,1.8,-1.0,-1.0,-1.0
PROC,T0486,1,0,1296.7,-1.0,-1.0,-1.0,8.6,-1.0,-1.0,-1.0
PROC,T0487,1,0,1325.9,-1.0,-1.0,-1.0,1.8,-1.0,-1.0,-1.0
PROC,T0488,1,0,1457.8,-1.0,-1.0,-1.0,7.4,-1.0,-1.0,-1.0
PROC,T0489,1,0,1211.8,-1.0,-1.0,-1.0,2.6,-1.0,-1.0,-1.0
PROC,T0490,1,0,1233.7,-1.0,-1.0,-1.0,6.4,-1.0,-1.0,-1.0
PROC,T0491,1,0,1138.3,-1.0,-1.0,-1.0,4.6,-1.0,-1.0,-1.0
PROC,T0492,1,0,1309.4,-1.0,-1.0,-1.0,6.4,-1.0,-1.0,-1.0
PROC,T0493,1,0,1034.1,-1.0,-1.0,-1.0,1.8,-1.0,-1.0,-1.0
PROC,T0494,1,0,1228.7,-1.0,-1.0,-1.0,6.4,-1.0,-1.0,-1.0
PROC,T0495,1,0,1083.9,-1.0,-1.0,-1.0,2.0,-1.0,-1.0,-1.0
PROC,T0496,1,0,1384.3,-1.0,-1.0,-1.0,6.4,-1.0,-1.0,-1.0
PROC,T0497,1,0,1066.4,-1.0,-1.0,-1.0,1.8,-1.0,-1.0,-1.0
PROC,T0498,1,0,1325.1,-1.0,-1.0,-1.0,8.6,-1.0,-1.0,-1.0
PROC,T0499,1,0,1053.6,-1.0,-1.0,-1.0,1.8,-1.0,-1.0,-1.0
PROC,T0500,1,0,1469.7,-1.0,-1.0,-1.0,7.2,-1.0,-1.0,-1.0
PROC,T0501,1,0,1159.2,-1.0,-1.0,-1.0,2.6,-1.0,-1.0,-1.0
PROC,T0502,1,0,1325.6,-1.0,-1.0,-1.0,6.4,-1.0,-1.0,-1.0
PROC,T0503,1,0,1077.9,-1.0,-1.0,-1.0,4.2,-1.0,-1.0,-1.0
PROC,T0504,1,0,1298.1,-1.0,-1.0,-1.0,6.4,-1.0,-1.0,-1.0
PROC,T0505,1,0,1040.1,-1.0,-1.0,-1.0,1.8,-1.0,-1.0,-1.0
PROC,T0506,1,0,1291.9,-1.0,-1.0,-1.0,6.4,-1.0,-1.0,-1.0
PROC,T0507,1,0,1053.7,-1.0,-1.0,-1.0,2.0,-1.0,-1.0,-1.0
PROC,T0508,1,0,1272.0,-1.0,-1.0,-1.0,6.4,-1.0,-1.0,-1.0
PROC,T0509,1,0,1065.6,-1.0,-1.0,-1.0,1.8,-1.0,-1.0,-1.0
PROC,T0510,1,0,1414.3,-1.0,-1.0,-1.0,13.2,-1.0,-1.0,-1.0
PROC,T0511,1,0,1083.9,-1.0,-1.0,-1.0,1.8,-1.0,-1.0,-1.0
PROC,T0512,1,0,1392.2,-1.0,-1.0,-1.0,7.2,-1.0,-1.0,-1.0
PROC,T0513,1,0,1180.4,-1.0,-1.0,-1.0,2.6,-1.0,-1.0,-1.0
PROC,T0514,1,0,1329.7,-1.0,-1.0,-1.0,6.4,-1.0,-1.0,-1.0
PROC,T0515,1,0,1202.7,-1.0,-1.0,-1.0,4.6,-1.0,-1.0,-1.0
PROC,T0516,1,0,1266.1,-1.0,-1.0,-1.0,6.4,-1.0,-1.0,-1.0
PROC,T0517,1,0,1066.0,-1.0,-1.0,-1.0,1.8,-1.0,-1.0,-1.0
PROC,T0518,1,0,1317.2,-1.0,-1.0,-1.0,6.4,-1.0,-1.0,-1.0
PROC,T0519,1,0,1126.4,-1.0,-1.0,-1.0,2.0,-1.0,-1.0,-1.0
PROC,T0520,1,0,1353.5,-1.0,-1.0,-1.0,6.4,-1.0,-1.0,-1.0
PROC,T0521,1,0,1048.0,-1.0,-1.0,-1.0,1.8,-1.0,-1.0,-1.0
PROC,T0522,1,0,1348.0,-1.0,-1.0,-1.0,8.6,-1.0,-1.0,-1.0
PROC,T0523,1,0,1178.3,-1.0,-1.0,-1.0,1.8,-1.0,-1.0,-1.0
PROC,T0524,1,0,1637.9,-1.0,-1.0,-1.0,7.2,-1.0,-1.0,-1.0
PROC,T0525,2,0,1385.3,-1.0,-1.0,-1.0,2.6,-1.0,-1.0,-1.0
PROC,T0526,1,0,1355.7,-1.0,-1.0,-1.0,6.4,-1.0,-1.0,-1.0
PROC,T0527,1,0,1093.7,-1.0,-1.0,-1.0,4.6,-1.0,-1.0,-1.0
PROC,T0528,1,0,1277.8,-1.0,-1.0,-1.0,6.4,-1.0,-1.0,-1.0
PROC,T0529,3,0,1059.9,-1.0,-1.0,-1.0,2.0,-1.0,-1.0,-1.0
PROC,T0530,1,0,1286.2,-1.0,-1.0,-1.0,6.2,-1.0,-1.0,-1.0
PROC,T0531,1,0,1111.7,-1.0,-1.0,-1.0,3.0,-1.0,-1.0,-1.0
PROC,T0532,1,0,1242.5,-1.0,-1.0,-1.0,5.4,-1.0,-1.0,-1.0
PROC,T0533,1,0,1095.1,-1.0,-1.0,-1.0,2.8,-1.0,-1.0,-1.0
PROC,T0534,1,0,1311.7,-1.0,-1.0,-1.0,7.6,-1.0,-1.0,-1.0
PROC,T0535,1,0,1077.0,-1.0,-1.0,-1.0,2.8,-1.0,-1.0,-1.0
PROC,T0536,1,0,1352.3,-1.0,-1.0,-1.0,6.2,-1.0,-1.0,-1.0
PROC,T0537,1,0,1191.9,-1.0,-1.0,-1.0,3.6,-1.0,-1.0,-1.0
PROC,T0538,1,0,1235.0,-1.0,-1.0,-1.0,5.6,-1.0,-1.0,-1.0
PROC,T0539,1,0,1118.4,-1.0,-1.0,-1.0,5.2,-1.0,-1.0,-1.0
PROC,T0540,1,0,1222.7,-1.0,-1.0,-1.0,5.4,-1.0,-1.0,-1.0
PROC,T0541,1,0,1107.4,-1.0,-1.0,-1.0,2.8,-1.0,-1.0,-1.0
PROC,T0542,1,0,1255.8,-1.0,-1.0,-1.0,5.4,-1.0,-1.0,-1.0
PROC,T0543,1,0,1153.3,-1.0,-1.0,-1.0,3.2,-1.0,-1.0,-1.0
PROC,T0544,1,0,1277.0,-1.0,-1.0,-1.0,5.4,-1.0,-1.0,-1.0
PROC,T0545,1,0,1185.3,-1.0,-1.0,-1.0,2.8,-1.0,-1.0,-1.0
PROC,T0546,1,0,1265.2,-1.0,-1.0,-1.0,7.6,-1.0,-1.0,-1.0
PROC,T0547,1,0,1062.8,-1.0,-1.0,-1.0,2.0,-1.0,-1.0,-1.0
PROC,T0548,1,0,1357.2,-1.0,-1.0,-1.0,7.4,-1.0,-1.0,-1.0
PROC,T0549,1,0,1230.5,-1.0,-1.0,-1.0,2.6,-1.0,-1.0,-1.0
PROC,T0550,1,0,1288.8,-1.0,-1.0,-1.0,6.4,-1.0,-1.0,-1.0
PROC,T0551,1,0,1081.1,-1.0,-1.0,-1.0,4.2,-1.0,-1.0,-1.0
PROC,T0552,1,0,1247.6,-1.0,-1.0,-1.0,6.8,-1.0,-1.0,-1.0
PROC,T0553,1,0,1058.2,-1.0,-1.0,-1.0,1.8,-1.0,-1.0,-1.0
PROC,T0554,1,0,1220.1,-1.0,-1.0,-1.0,6.4,-1.0,-1.0,-1.0
PROC,T0555,1,0,1159.9,-1.0,-1.0,-1.0,2.4,-1.0,-1.0,-1.0
PROC,T0556,1,0,1317.0,-1.0,-1.0,-1.0,6.4,-1.0,-1.0,-1.0
PROC,T0557,2,0,1095.3,-1.0,-1.0,-1.0,1.8,-1.0,-1.0,-1.0
PROC,T0558,1,0,1329.6,-1.0,-1.0,-1.0,8.6,-1.0,-1.0,-1.0
PROC,T0559,1,0,1232.8,-1.0,-1.0,-1.0,1.8,-1.0,-1.0,-1.0
PROC,T0560,1,0,1539.9,-1.0,-1.0,-1.0,7.2,-1.0,-1.0,-1.0
PROC,T0561,1,0,1282.4,-1.0,-1.0,-1.0,2.6,-1.0,-1.0,-1.0
PROC,T0562,1,0,1279.5,-1.0,-1.0,-1.0,6.4,-1.0,-1.0,-1.0
PROC,T0563,1,0,1119.7,-1.0,-1.0,-1.0,4.6,-1.0,-1.0,-1.0
PROC,T0564,1,0,1332.0,-1.0,-1.0,-1.0,6.4,-1.0,-1.0,-1.0
PROC,T0565,1,0,1072.8,-1.0,-1.0,-1.0,1.8,-1.0,-1.0,-1.0
PROC,T0566,1,0,1301.5,-1.0,-1.0,-1.0,6.4,-1.0,-1.0,-1.0
PROC,T0567,1,0,1091.8,-1.0,-1.0,-1.0,2.0,-1.0,-1.0,-1.0
PROC,T0568,1,0,1271.5,-1.0,-1.0,-1.0,6.4,-1.0,-1.0,-1.0
PROC,T0569,1,0,1078.1,-1.0,-1.0,-1.0,1.8,-1.0,-1.0,-1.0
PROC,T0570,1,0,1390.0,-1.0,-1.0,-1.0,11.0,-1.0,-1.0,-1.0
PROC,T0571,1,0,1051.7,-1.0,-1.0,-1.0,1.8,-1.0,-1.0,-1.0
PROC,T0572,1,0,1378.4,-1.0,-1.0,-1.0,7.2,-1.0,-1.0,-1.0
PROC,T0573,1,0,1139.0,-1.0,-1.0,-1.0,2.6,-1.0,-1.0,-1.0
PROC,T0574,1,0,1262.1,-1.0,-1.0,-1.0,6.4,-1.0,-1.0,-1.0
PROC,T0575,1,0,1123.1,-1.0,-1.0,-1.0,4.2,-1.0,-1.0,-1.0
PROC,T0576,1,0,1298.4,-1.0,-1.0,-1.0,6.8,-1.0,-1.0,-1.0
PROC,T0577,1,0,1090.9,-1.0,-1.0,-1.0,1.8,-1.0,-1.0,-1.0
PROC,T0578,1,0,1225.7,-1.0,-1.0,-1.0,6.4,-1.0,-1.0,-1.0
PROC,T0579,1,0,1121.2,-1.0,-1.0,-1.0,2.0,-1.0,-1.0,-1.0
PROC,T0580,1,0,1277.4,-1.0,-1.0,-1.0,8.8,-1.0,-1.0,-1.0
PROC,T0581,1,0,1060.7,-1.0,-1.0,-1.0,1.8,-1.0,-1.0,-1.0
PROC,T0582,1,0,1279.0,-1.0,-1.0,-1.0,8.6,-1.0,-1.0,-1.0
PROC,T0583,1,0,1103.9,-1.0,-1.0,-1.0,1.8,-1.0,-1.0,-1.0
PROC,T0584,1,0,1288.5,-1.0,-1.0,-1.0,7.2,-1.0,-1.0,-1.0
PROC,T0585,1,0,1202.2,-1.0,-1.0,-1.0,2.6,-1.0,-1.0,-1.0
PROC,T0586,1,0,1530.5,-1.0,-1.0,-1.0,6.4,-1.0,-1.0,-1.0
PROC,T0587,1,0,1349.2,-1.0,-1.0,-1.0,4.2,-1.0,-1.0,-1.0
PROC,T0588,1,0,1491.9,-1.0,-1.0,-1.0,6.8,-1.0,-1.0,-1.0
PROC,T0589,1,0,1092.3,-1.0,-1.0,-1.0,1.8,-1.0,-1.0,-1.0
PROC,T0590,1,0,1289.8,-1.0,-1.0,-1.0,6.4,-1.0,-1.0,-1.0
PROC,T0591,1,0,1109.0,-1.0,-1.0,-1.0,2.0,-1.0,-1.0,-1.0
PROC,T0592,1,0,1292.7,-1.0,-1.0,-1.0,6.4,-1.0,-1.0,-1.0
PROC,T0593,1,0,1203.9,-1.0,-1.0,-1.0,1.8,-1.0,-1.0,-1.0
PROC,T0594,1,0,1366.3,-1.0,-1.0,-1.0,8.6,-1.0,-1.0,-1.0
PROC,T0595,1,0,1074.5,-1.0,-1.0,-1.0,1.8,-1.0,-1.0,-1.0
PROC,T0596,1,0,1341.7,-1.0,-1.0,-1.0,7.2,-1.0,-1.0,-1.0
PROC,T0597,1,0,1149.6,-1.0,-1.0,-1.0,2.6,-1.0,-1.0,-1.0
PROC,T0598,1,0,1256.8,-1.0,-1.0,-1.0,6.4,-1.0,-1.0,-1.0
PROC,T0599,1,0,1189.9,-1.0,-1.0,-1.0,4.6,-1.0,-1.0,-1.0
PROC,T0600,1,0,1287.4,-1.0,-1.0,-1.0,6.4,-1.0,-1.0,-1.0
PROC,T0601,1,0,1090.8,-1.0,-1.0,-1.0,1.8,-1.0,-1.0,-1.0
PROC,T0602,1,0,1224.1,-1.0,-1.0,-1.0,6.4,-1.0,-1.0,-1.0
PROC,T0603,1,0,1164.6,-1.0,-1.0,-1.0,2.8,-1.0,-1.0,-1.0
PROC,T0604,1,0,1250.1,-1.0,-1.0,-1.0,6.4,-1.0,-1.0,-1.0
PROC,T0605,1,0,1087.7,-1.0,-1.0,-1.0,1.8,-1.0,-1.0,-1.0
PROC,T0606,1,0,1338.0,-1.0,-1.0,-1.0,8.6,-1.0,-1.0,-1.0
PROC,T0607,1,1,1298.5,-1.0,-1.0,-1.0,1.8,-1.0,-1.0,-1.0
PROC,T0608,1,0,1374.3,-1.0,-1.0,-1.0,7.4,-1.0,-1.0,-1.0
PROC,T0609,1,0,1241.1,-1.0,-1.0,-1.0,2.6,-1.0,-1.0,-1.0
PROC,T0610,1,0,1265.4,-1.0,-1.0,-1.0,6.4,-1.0,-1.0,-1.0
PROC,T0611,1,0,1088.1,-1.0,-1.0,-1.0,4.2,-1.0,-1.0,-1.0
PROC,T0612,1,0,1299.2,-1.0,-1.0,-1.0,6.4,-1.0,-1.0,-1.0
PROC,T0613,1,0,1020.9,-1.0,-1.0,-1.0,1.8,-1.0,-1.0,-1.0
PROC,T0614,1,0,1187.3,-1.0,-1.0,-1.0,6.4,-1.0,-1.0,-1.0
PROC,T0615,1,0,1079.2,-1.0,-1.0,-1.0,2.0,-1.0,-1.0,-1.0
PROC,T0616,1,0,1334.1,-1.0,-1.0,-1.0,6.4,-1.0,-1.0,-1.0
PROC,T0617,1,0,1164.7,-1.0,-1.0,-1.0,1.8,-1.0,-1.0,-1.0
PROC,T0618,1,0,1377.7,-1.0,-1.0,-1.0,8.6,-1.0,-1.0,-1.0
PROC,T0619,1,0,1059.7,-1.0,-1.0,-1.0,1.8,-1.0,-1.0,-1.0
PROC,T0620,1,0,1363.8,-1.0,-1.0,-1.0,7.2,-1.0,-1.0,-1.0
PROC,T0621,1,0,1185.5,-1.0,-1.0,-1.0,2.6,-1.0,-1.0,-1.0
PROC,T0622,1,0,1331.5,-1.0,-1.0,-1.0,6.4,-1.0,-1.0,-1.0
PROC,T0623,1,0,1129.2,-1.0,-1.0,-1.0,4.2,-1.0,-1.0,-1.0
PROC,T0624,1,0,1275.3,-1.0,-1.0,-1.0,6.4,-1.0,-1.0,-1.0
PROC,T0625,1,0,1106.0,-1.0,-1.0,-1.0,1.8,-1.0,-1.0,-1.0
PROC,T0626,1,0,1268.8,-1.0,-1.0,-1.0,6.4,-1.0,-1.0,-1.0
PROC,T0627,1,0,1164.2,-1.0,-1.0,-1.0,2.0,-1.0,-1.0,-1.0
PROC,T0628,1,0,1295.0,-1.0,-1.0,-1.0,6.4,-1.0,-1.0,-1.0
PROC,T0629,1,0,1095.0,-1.0,-1.0,-1.0,1.8,-1.0,-1.0,-1.0
PROC,T0630,1,0,1409.4,-1.0,-1.0,-1.0,11.0,-1.0,-1.0,-1.0
PROC,T0631,1,0,1065.4,-1.0,-1.0,-1.0,1.8,-1.0,-1.0,-1.0
PROC,T0632,1,0,1326.1,-1.0,-1.0,-1.0,7.2,-1.0,-1.0,-1.0
PROC,T0633,1,0,1174.5,-1.0,-1.0,-1.0,2.6,-1.0,-1.0,-1.0
PROC,T0634,1,0,1262.9,-1.0,-1.0,-1.0,6.4,-1.0,-1.0,-1.0
PROC,T0635,1,0,1105.4,-1.0,-1.0,-1.0,4.6,-1.0,-1.0,-1.0
PROC,T0636,1,0,1303.5,-1.0,-1.0,-1.0,6.8,-1.0,-1.0,-1.0
PROC,T0637,1,0,1060.7,-1.0,-1.0,-1.0,1.8,-1.0,-1.0,-1.0
PROC,T0638,1,0,1347.2,-1.0,-1.0,-1.0,6.4,-1.0,-1.0,-1.0
PROC,T0639,1,0,1112.6,-1.0,-1.0,-1.0,2.0,-1.0,-1.0,-1.0
PROC,T0640,1,0,1304.4,-1.0,-1.0,-1.0,6.4,-1.0,-1.0,-1.0
PROC,T0641,1,0,1179.0,-1.0,-1.0,-1.0,1.8,-1.0,-1.0,-1.0
PROC,T0642,1,0,1381.2,-1.0,-1.0,-1.0,8.6,-1.0,-1.0,-1.0
PROC,T0643,1,0,1108.2,-1.0,-1.0,-1.0,1.8,-1.0,-1.0,-1.0
PROC,T0644,1,0,1393.9,-1.0,-1.0,-1.0,7.2,-1.0,-1.0,-1.0
PROC,T0645,1,0,1202.5,-1.0,-1.0,-1.0,2.6,-1.0,-1.0,-1.0
PROC,T0646,1,0,1296.3,-1.0,-1.0,-1.0,6.4,-1.0,-1.0,-1.0
PROC,T0647,1,0,1146.0,-1.0,-1.0,-1.0,4.2,-1.0,-1.0,-1.0
PROC,T0648,1,0,1483.1,-1.0,-1.0,-1.0,6.4,-1.0,-1.0,-1.0
PROC,T0649,1,0,1337.6,-1.0,-1.0,-1.0,1.8,-1.0,-1.0,-1.0
PROC,T0650,1,0,1509.6,-1.0,-1.0,-1.0,6.4,-1.0,-1.0,-1.0
PROC,T0651,1,0,1118.8,-1.0,-1.0,-1.0,2.0,-1.0,-1.0,-1.0
PROC,T0652,1,0,1286.8,-1.0,-1.0,-1.0,6.4,-1.0,-1.0,-1.0
PROC,T0653,1,0,1059.7,-1.0,-1.0,-1.0,1.8,-1.0,-1.0,-1.0
PROC,T0654,1,0,1333.6,-1.0,-1.0,-1.0,8.6,-1.0,-1.0,-1.0
PROC,T0655,1,0,1063.3,-1.0,-1.0,-1.0,1.8,-1.0,-1.0,-1.0
PROC,T0656,1,0,1420.2,-1.0,-1.0,-1.0,7.2,-1.0,-1.0,-1.0
PROC,T0657,1,0,1229.5,-1.0,-1.0,-1.0,2.6,-1.0,-1.0,-1.0
PROC,T0658,1,0,1328.4,-1.0,-1.0,-1.0,6.4,-1.0,-1.0,-1.0
PROC,T0659,1,0,1106.5,-1.0,-1.0,-1.0,4.2,-1.0,-1.0,-1.0
PROC,T0660,1,0,1294.6,-1.0,-1.0,-1.0,6.4,-1.0,-1.0,-1.0
PROC,T0661,1,0,1049.3,-1.0,-1.0,-1.0,1.8,-1.0,-1.0,-1.0
PROC,T0662,1,0,1298.0,-1.0,-1.0,-1.0,6.4,-1.0,-1.0,-1.0
PROC,T0663,1,0,1104.6,-1.0,-1.0,-1.0,2.0,-1.0,-1.0,-1.0
PROC,T0664,1,0,1257.9,-1.0,-1.0,-1.0,6.6,-1.0,-1.0,-1.0
PROC,T0665,1,0,1111.7,-1.0,-1.0,-1.0,1.8,-1.0,-1.0,-1.0
PROC,T0666,1,0,1385.3,-1.0,-1.0,-1.0,9.2,-1.0,-1.0,-1.0
PROC,T0667,1,0,1088.6,-1.0,-1.0,-1.0,1.8,-1.0,-1.0,-1.0
PROC,T0668,1,0,1374.3,-1.0,-1.0,-1.0,7.4,-1.0,-1.0,-1.0
PROC,T0669,1,0,1180.9,-1.0,-1.0,-1.0,2.6,-1.0,-1.0,-1.0
PROC,T0670,1,0,1261.4,-1.0,-1.0,-1.0,6.4,-1.0,-1.0,-1.0
PROC,T0671,1,0,1129.4,-1.0,-1.0,-1.0,4.6,-1.0,-1.0,-1.0
PROC,T0672,1,0,1276.8,-1.0,-1.0,-1.0,6.4,-1.0,-1.0,-1.0
PROC,T0673,2,0,1058.6,-1.0,-1.0,-1.0,1.8,-1.0,-1.0,-1.0
PROC,T0674,1,0,1253.2,-1.0,-1.0,-1.0,6.4,-1.0,-1.0,-1.0
PROC,T0675,1,0,1116.6,-1.0,-1.0,-1.0,2.4,-1.0,-1.0,-1.0
PROC,T0676,1,0,1306.4,-1.0,-1.0,-1.0,6.4,-1.0,-1.0,-1.0
PROC,T0677,1,0,1076.3,-1.0,-1.0,-1.0,1.8,-1.0,-1.0,-1.0
PROC,T0678,1,0,1356.2,-1.0,-1.0,-1.0,8.6,-1.0,-1.0,-1.0
PROC,T0679,1,0,1303.3,-1.0,-1.0,-1.0,1.8,-1.0,-1.0,-1.0
PROC,T0680,1,0,1355.1,-1.0,-1.0,-1.0,7.2,-1.0,-1.0,-1.0
PROC,T0681,1,0,1176.9,-1.0,-1.0,-1.0,2.6,-1.0,-1.0,-1.0
PROC,T0682,1,0,1270.8,-1.0,-1.0,-1.0,6.4,-1.0,-1.0,-1.0
PROC,T0683,1,0,1094.0,-1.0,-1.0,-1.0,4.2,-1.0,-1.0,-1.0
PROC,T0684,1,0,1303.4,-1.0,-1.0,-1.0,6.4,-1.0,-1.0,-1.0
PROC,T0685,1,0,1061.3,-1.0,-1.0,-1.0,1.8,-1.0,-1.0,-1.0
PROC,T0686,1,0,1259.3,-1.0,-1.0,-1.0,6.4,-1.0,-1.0,-1.0
PROC,T0687,1,0,1133.4,-1.0,-1.0,-1.0,2.0,-1.0,-1.0,-1.0
PROC,T0688,1,0,1226.1,-1.0,-1.0,-1.0,6.4,-1.0,-1.0,-1.0
PROC,T0689,1,0,1060.4,-1.0,-1.0,-1.0,1.8,-1.0,-1.0,-1.0
PROC,T0690,1,0,1392.5,-1.0,-1.0,-1.0,11.2,-1.0,-1.0,-1.0
PROC,T0691,1,0,1088.3,-1.0,-1.0,-1.0,1.8,-1.0,-1.0,-1.0
PROC,T0692,1,0,1326.6,-1.0,-1.0,-1.0,7.2,-1.0,-1.0,-1.0
PROC,T0693,2,0,1147.2,-1.0,-1.0,-1.0,2.6,-1.0,-1.0,-1.0
PROC,T0694,1,0,1219.1,-1.0,-1.0,-1.0,6.4,-1.0,-1.0,-1.0
PROC,T0695,1,0,1122.3,-1.0,-1.0,-1.0,4.4,-1.0,-1.0,-1.0
PROC,T0696,1,0,1275.4,-1.0,-1.0,-1.0,6.8,-1.0,-1.0,-1.0
PROC,T0697,1,0,1039.0,-1.0,-1.0,-1.0,1.8,-1.0,-1.0,-1.0
PROC,T0698,1,0,1339.5,-1.0,-1.0,-1.0,6.4,-1.0,-1.0,-1.0
PROC,T0699,1,0,1113.1,-1.0,-1.0,-1.0,2.0,-1.0,-1.0,-1.0
PROC,T0700,1,0,1324.6,-1.0,-1.0,-1.0,8.8,-1.0,-1.0,-1.0
PROC,T0701,1,0,1055.1,-1.0,-1.0,-1.0,1.8,-1.0,-1.0,-1.0
PROC,T0702,1,0,1405.5,-1.0,-1.0,-1.0,9.0,-1.0,-1.0,-1.0
PROC,T0703,1,0,1066.8,-1.0,-1.0,-1.0,1.8,-1.0,-1.0,-1.0
PROC,T0704,1,0,1414.9,-1.0,-1.0,-1.0,7.2,-1.0,-1.0,-1.0
PROC,T0705,1,0,1212.3,-1.0,-1.0,-1.0,2.6,-1.0,-1.0,-1.0
PROC,T0706,1,0,1392.7,-1.0,-1.0,-1.0,6.4,-1.0,-1.0,-1.0
PROC,T0707,1,0,1120.0,-1.0,-1.0,-1.0,4.6,-1.0,-1.0,-1.0
PROC,T0708,1,0,1276.8,-1.0,-1.0,-1.0,6.4,-1.0,-1.0,-1.0
PROC,T0709,4,0,1092.4,-1.0,-1.0,-1.0,2.8,-1.0,-1.0,-1.0
PROC,T0710,1,0,1443.2,-1.0,-1.0,-1.0,5.4,-1.0,-1.0,-1.0
PROC,T0711,1,0,1375.7,-1.0,-1.0,-1.0,3.0,-1.0,-1.0,-1.0
PROC,T0712,1,0,1476.7,-1.0,-1.0,-1.0,5.4,-1.0,-1.0,-1.0
PROC,T0713,1,0,1137.6,-1.0,-1.0,-1.0,2.8,-1.0,-1.0,-1.0
PROC,T0714,1,0,1393.7,-1.0,-1.0,-1.0,7.6,-1.0,-1.0,-1.0
PROC,T0715,1,0,1100.0,-1.0,-1.0,-1.0,2.8,-1.0,-1.0,-1.0
PROC,T0716,1,0,1292.6,-1.0,-1.0,-1.0,6.2,-1.0,-1.0,-1.0
PROC,T0717,1,0,1243.4,-1.0,-1.0,-1.0,3.6,-1.0,-1.0,-1.0
PROC,T0718,1,0,1245.6,-1.0,-1.0,-1.0,5.4,-1.0,-1.0,-1.0
PROC,T0719,1,0,1150.5,-1.0,-1.0,-1.0,5.2,-1.0,-1.0,-1.0
PROC,T0720,1,0,1298.4,-1.0,-1.0,-1.0,5.4,-1.0,-1.0,-1.0
PROC,T0721,1,0,1068.1,-1.0,-1.0,-1.0,2.8,-1.0,-1.0,-1.0
PROC,T0722,1,0,1294.1,-1.0,-1.0,-1.0,5.4,-1.0,-1.0,-1.0
PROC,T0723,1,0,1137.1,-1.0,-1.0,-1.0,3.0,-1.0,-1.0,-1.0
PROC,T0724,1,0,1280.2,-1.0,-1.0,-1.0,5.6,-1.0,-1.0,-1.0
PROC,T0725,1,0,1076.8,-1.0,-1.0,-1.0,2.8,-1.0,-1.0,-1.0
PROC,T0726,1,0,1278.4,-1.0,-1.0,-1.0,7.6,-1.0,-1.0,-1.0
PROC,T0727,1,0,1247.3,-1.0,-1.0,-1.0,2.8,-1.0,-1.0,-1.0
PROC,T0728,1,0,1338.2,-1.0,-1.0,-1.0,6.4,-1.0,-1.0,-1.0
PROC,T0729,1,0,1240.1,-1.0,-1.0,-1.0,3.6,-1.0,-1.0,-1.0
PROC,T0730,1,0,1355.7,-1.0,-1.0,-1.0,6.5,-1.0,-1.0,-1.0
PROC,T0731,1,0,1046.1,-1.0,-1.0,-1.0,1.8,-1.0,-1.0,-1.0
PROC,T0732,1,0,1313.2,-1.0,-1.0,-1.0,8.8,-1.0,-1.0,-1.0
PROC,T0733,1,0,1075.4,-1.0,-1.0,-1.0,1.8,-1.0,-1.0,-1.0
PROC,T0734,1,0,1207.9,-1.0,-1.0,-1.0,6.4,-1.0,-1.0,-1.0
PROC,T0735,1,0,1167.1,-1.0,-1.0,-1.0,2.0,-1.0,-1.0,-1.0
PROC,T0736,1,0,1274.0,-1.0,-1.0,-1.0,6.4,-1.0,-1.0,-1.0
PROC,T0737,1,0,1073.6,-1.0,-1.0,-1.0,1.8,-1.0,-1.0,-1.0
PROC,T0738,1,0,1417.5,-1.0,-1.0,-1.0,8.6,-1.0,-1.0,-1.0
PROC,T0739,1,0,1053.3,-1.0,-1.0,-1.0,1.8,-1.0,-1.0,-1.0
PROC,T0740,1,0,1319.7,-1.0,-1.0,-1.0,6.8,-1.0,-1.0,-1.0
PROC,T0741,1,0,1222.5,-1.0,-1.0,-1.0,3.0,-1.0,-1.0,-1.0
PROC,T0742,1,0,1356.4,-1.0,-1.0,-1.0,6.4,-1.0,-1.0,-1.0
PROC,T0743,1,0,1092.1,-1.0,-1.0,-1.0,2.2,-1.0,-1.0,-1.0
PROC,T0744,1,0,1283.9,-1.0,-1.0,-1.0,8.8,-1.0,-1.0,-1.0
PROC,T0745,1,0,1052.5,-1.0,-1.0,-1.0,1.8,-1.0,-1.0,-1.0
PROC,T0746,1,0,1288.2,-1.0,-1.0,-1.0,6.4,-1.0,-1.0,-1.0
PROC,T0747,1,0,1087.7,-1.0,-1.0,-1.0,2.0,-1.0,-1.0,-1.0
PROC,T0748,1,0,1260.3,-1.0,-1.0,-1.0,6.4,-1.0,-1.0,-1.0
PROC,T0749,1,0,1051.1,-1.0,-1.0,-1.0,1.8,-1.0,-1.0,-1.0
PROC,T0750,1,0,1331.1,-1.0,-1.0,-1.0,11.0,-1.0,-1.0,-1.0
PROC,T0751,1,0,1181.7,-1.0,-1.0,-1.0,1.8,-1.0,-1.0,-1.0
PROC,T0752,1,0,1424.2,-1.0,-1.0,-1.0,6.8,-1.0,-1.0,-1.0
PROC,T0753,1,0,1223.1,-1.0,-1.0,-1.0,3.0,-1.0,-1.0,-1.0
PROC,T0754,1,0,1391.0,-1.0,-1.0,-1.0,6.4,-1.0,-1.0,-1.0
PROC,T0755,1,0,1071.6,-1.0,-1.0,-1.0,1.8,-1.0,-1.0,-1.0
PROC,T0756,1,0,1320.3,-1.0,-1.0,-1.0,8.8,-1.0,-1.0,-1.0
PROC,T0757,1,0,1109.9,-1.0,-1.0,-1.0,2.2,-1.0,-1.0,-1.0
PROC,T0758,1,0,1226.5,-1.0,-1.0,-1.0,6.4,-1.0,-1.0,-1.0
PROC,T0759,1,0,1169.2,-1.0,-1.0,-1.0,2.0,-1.0,-1.0,-1.0
PROC,T0760,1,0,1299.0,-1.0,-1.0,-1.0,6.4,-1.0,-1.0,-1.0
PROC,T0761,1,0,1088.7,-1.0,-1.0,-1.0,2.2,-1.0,-1.0,-1.0
PROC,T0762,1,0,1332.2,-1.0,-1.0,-1.0,8.6,-1.0,-1.0,-1.0
PROC,T0763,1,0,1101.8,-1.0,-1.0,-1.0,1.8,-1.0,-1.0,-1.0
PROC,T0764,1,0,1336.0,-1.0,-1.0,-1.0,6.8,-1.0,-1.0,-1.0
PROC,T0765,1,0,1201.1,-1.0,-1.0,-1.0,3.0,-1.0,-1.0,-1.0
PROC,T0766,1,0,1279.6,-1.0,-1.0,-1.0,6.4,-1.0,-1.0,-1.0
PROC,T0767,1,0,1051.6,-1.0,-1.0,-1.0,1.8,-1.0,-1.0,-1.0
PROC,T0768,1,0,1307.8,-1.0,-1.0,-1.0,8.8,-1.0,-1.0,-1.0
PROC,T0769,1,0,1056.7,-1.0,-1.0,-1.0,1.8,-1.0,-1.0,-1.0
PROC,T0770,1,0,1266.1,-1.0,-1.0,-1.0,6.8,-1.0,-1.0,-1.0
PROC,T0771,1,0,1117.8,-1.0,-1.0,-1.0,2.2,-1.0,-1.0,-1.0
PROC,T0772,1,0,1278.2,-1.0,-1.0,-1.0,6.4,-1.0,-1.0,-1.0
PROC,T0773,1,0,1305.8,-1.0,-1.0,-1.0,1.8,-1.0,-1.0,-1.0
PROC,T0774,1,0,1513.2,-1.0,-1.0,-1.0,8.6,-1.0,-1.0,-1.0
PROC,T0775,1,0,1235.9,-1.0,-1.0,-1.0,1.8,-1.0,-1.0,-1.0
PROC,T0776,1,0,1337.7,-1.0,-1.0,-1.0,6.8,-1.0,-1.0,-1.0
PROC,T0777,1,0,1195.2,-1.0,-1.0,-1.0,3.0,-1.0,-1.0,-1.0
PROC,T0778,1,0,1263.0,-1.0,-1.0,-1.0,6.4,-1.0,-1.0,-1.0
PROC,T0779,1,0,1251.1,-1.0,-1.0,-1.0,2.2,-1.0,-1.0,-1.0
PROC,T0780,1,0,1256.1,-1.0,-1.0,-1.0,8.8,-1.0,-1.0,-1.0
PROC,T0781,1,0,1114.7,-1.0,-1.0,-1.0,1.8,-1.0,-1.0,-1.0
PROC,T0782,1,0,1263.3,-1.0,-1.0,-1.0,6.4,-1.0,-1.0,-1.0
PROC,T0783,1,0,1107.2,-1.0,-1.0,-1.0,2.0,-1.0,-1.0,-1.0
PROC,T0784,1,0,1299.3,-1.0,-1.0,-1.0,6.6,-1.0,-1.0,-1.0
PROC,T0785,1,0,1058.1,-1.0,-1.0,-1.0,1.8,-1.0,-1.0,-1.0
PROC,T0786,1,0,1305.7,-1.0,-1.0,-1.0,8.6,-1.0,-1.0,-1.0
PROC,T0787,1,0,1051.9,-1.0,-1.0,-1.0,1.8,-1.0,-1.0,-1.0
PROC,T0788,1,0,1411.0,-1.0,-1.0,-1.0,7.0,-1.0,-1.0,-1.0
PROC,T0789,1,0,1211.4,-1.0,-1.0,-1.0,3.0,-1.0,-1.0,-1.0
PROC,T0790,1,0,1263.3,-1.0,-1.0,-1.0,6.4,-1.0,-1.0,-1.0
PROC,T0791,1,0,1060.1,-1.0,-1.0,-1.0,1.8,-1.0,-1.0,-1.0
PROC,T0792,1,0,1351.8,-1.0,-1.0,-1.0,8.8,-1.0,-1.0,-1.0
PROC,T0793,1,0,1043.9,-1.0,-1.0,-1.0,1.8,-1.0,-1.0,-1.0
PROC,T0794,1,0,1289.2,-1.0,-1.0,-1.0,6.4,-1.0,-1.0,-1.0
PROC,T0795,1,0,1114.8,-1.0,-1.0,-1.0,2.4,-1.0,-1.0,-1.0
PROC,T0796,1,0,1241.8,-1.0,-1.0,-1.0,6.4,-1.0,-1.0,-1.0
PROC,T0797,1,0,1081.9,-1.0,-1.0,-1.0,1.8,-1.0,-1.0,-1.0
PROC,T0798,1,0,1351.7,-1.0,-1.0,-1.0,8.6,-1.0,-1.0,-1.0
PROC,T0799,1,0,1328.3,-1.0,-1.0,-1.0,1.8,-1.0,-1.0,-1.0
PROC,T0800,1,0,1334.8,-1.0,-1.0,-1.0,6.8,-1.0,-1.0,-1.0
PROC,T0801,1,0,1202.3,-1.0,-1.0,-1.0,3.0,-1.0,-1.0,-1.0
PROC,T0802,1,0,1251.2,-1.0,-1.0,-1.0,6.4,-1.0,-1.0,-1.0
PROC,T0803,1,0,1085.6,-1.0,-1.0,-1.0,1.8,-1.0,-1.0,-1.0
PROC,T0804,1,0,1332.8,-1.0,-1.0,-1.0,8.8,-1.0,-1.0,-1.0
PROC,T0805,1,0,1082.5,-1.0,-1.0,-1.0,1.8,-1.0,-1.0,-1.0
PROC,T0806,1,0,1242.9,-1.0,-1.0,-1.0,6.4,-1.0,-1.0,-1.0
PROC,T0807,1,0,1102.4,-1.0,-1.0,-1.0,2.0,-1.0,-1.0,-1.0
PROC,T0808,1,0,1278.9,-1.0,-1.0,-1.0,6.4,-1.0,-1.0,-1.0
PROC,T0809,1,0,1063.9,-1.0,-1.0,-1.0,1.8,-1.0,-1.0,-1.0
PROC,T0810,1,0,1431.0,-1.0,-1.0,-1.0,11.0,-1.0,-1.0,-1.0
PROC,T0811,1,0,1076.9,-1.0,-1.0,-1.0,1.8,-1.0,-1.0,-1.0
PROC,T0812,1,0,1353.2,-1.0,-1.0,-1.0,6.8,-1.0,-1.0,-1.0
PROC,T0813,1,0,1215.6,-1.0,-1.0,-1.0,3.0,-1.0,-1.0,-1.0
PROC,T0814,1,0,1250.3,-1.0,-1.0,-1.0,6.4,-1.0,-1.0,-1.0
PROC,T0815,1,0,1102.8,-1.0,-1.0,-1.0,2.2,-1.0,-1.0,-1.0
PROC,T0816,1,0,1389.1,-1.0,-1.0,-1.0,9.0,-1.0,-1.0,-1.0
PROC,T0817,1,0,1058.3,-1.0,-1.0,-1.0,1.8,-1.0,-1.0,-1.0
PROC,T0818,1,0,1333.7,-1.0,-1.0,-1.0,6.8,-1.0,-1.0,-1.0
PROC,T0819,1,0,1090.2,-1.0,-1.0,-1.0,2.0,-1.0,-1.0,-1.0
PROC,T0820,1,0,1287.6,-1.0,-1.0,-1.0,8.8,-1.0,-1.0,-1.0
PROC,T0821,1,0,1090.8,-1.0,-1.0,-1.0,1.8,-1.0,-1.0,-1.0
PROC,T0822,1,0,1354.5,-1.0,-1.0,-1.0,8.6,-1.0,-1.0,-1.0
PROC,T0823,1,0,1090.3,-1.0,-1.0,-1.0,1.8,-1.0,-1.0,-1.0
PROC,T0824,1,0,1299.6,-1.0,-1.0,-1.0,6.8,-1.0,-1.0,-1.0
PROC,T0825,1,0,1218.6,-1.0,-1.0,-1.0,3.0,-1.0,-1.0,-1.0
PROC,T0826,1,0,1230.9,-1.0,-1.0,-1.0,6.4,-1.0,-1.0,-1.0
PROC,T0827,1,0,1077.8,-1.0,-1.0,-1.0,1.8,-1.0,-1.0,-1.0
PROC,T0828,1,0,1362.1,-1.0,-1.0,-1.0,8.8,-1.0,-1.0,-1.0
PROC,T0829,1,0,1087.8,-1.0,-1.0,-1.0,1.8,-1.0,-1.0,-1.0
PROC,T0830,1,0,1247.5,-1.0,-1.0,-1.0,6.4,-1.0,-1.0,-1.0
PROC,T0831,1,0,1078.6,-1.0,-1.0,-1.0,2.0,-1.0,-1.0,-1.0
PROC,T0832,1,0,1305.4,-1.0,-1.0,-1.0,6.4,-1.0,-1.0,-1.0
PROC,T0833,1,0,1054.5,-1.0,-1.0,-1.0,1.8,-1.0,-1.0,-1.0
PROC,T0834,1,0,1394.2,-1.0,-1.0,-1.0,8.6,-1.0,-1.0,-1.0
PROC,T0835,1,0,1411.8,-1.0,-1.0,-1.0,1.8,-1.0,-1.0,-1.0
PROC,T0836,1,0,1557.7,-1.0,-1.0,-1.0,6.8,-1.0,-1.0,-1.0
PROC,T0837,1,0,1342.1,-1.0,-1.0,-1.0,3.0,-1.0,-1.0,-1.0
PROC,T0838,1,0,1277.8,-1.0,-1.0,-1.0,6.4,-1.0,-1.0,-1.0
PROC,T0839,1,0,1064.1,-1.0,-1.0,-1.0,1.8,-1.0,-1.0,-1.0
PROC,T0840,1,0,1306.7,-1.0,-1.0,-1.0,8.8,-1.0,-1.0,-1.0
PROC,T0841,1,0,1077.7,-1.0,-1.0,-1.0,2.0,-1.0,-1.0,-1.0
PROC,T0842,1,0,1250.1,-1.0,-1.0,-1.0,6.4,-1.0,-1.0,-1.0
PROC,T0843,1,0,1112.9,-1.0,-1.0,-1.0,2.0,-1.0,-1.0,-1.0
PROC,T0844,1,0,1278.6,-1.0,-1.0,-1.0,6.6,-1.0,-1.0,-1.0
PROC,T0845,1,0,1360.7,-1.0,-1.0,-1.0,3.4,-1.0,-1.0,-1.0
PROC,T0846,1,0,1275.0,-1.0,-1.0,-1.0,8.6,-1.0,-1.0,-1.0
PROC,T0847,1,0,1507.3,-1.0,-1.0,-1.0,1.8,-1.0,-1.0,-1.0
PROC,T0848,1,0,1374.9,-1.0,-1.0,-1.0,7.0,-1.0,-1.0,-1.0
PROC,T0849,1,0,1216.1,-1.0,-1.0,-1.0,3.0,-1.0,-1.0,-1.0
PROC,T0850,1,0,1272.4,-1.0,-1.0,-1.0,6.4,-1.0,-1.0,-1.0
PROC,T0851,1,0,1183.9,-1.0,-1.0,-1.0,2.2,-1.0,-1.0,-1.0
PROC,T0852,1,0,1311.5,-1.0,-1.0,-1.0,8.8,-1.0,-1.0,-1.0
PROC,T0853,1,0,1060.7,-1.0,-1.0,-1.0,1.8,-1.0,-1.0,-1.0
PROC,T0854,1,0,1290.0,-1.0,-1.0,-1.0,6.4,-1.0,-1.0,-1.0
PROC,T0855,1,0,1130.3,-1.0,-1.0,-1.0,2.0,-1.0,-1.0,-1.0
PROC,T0856,1,0,1279.9,-1.0,-1.0,-1.0,6.4,-1.0,-1.0,-1.0
PROC,T0857,1,0,1064.5,-1.0,-1.0,-1.0,1.8,-1.0,-1.0,-1.0
PROC,T0858,1,0,1334.7,-1.0,-1.0,-1.0,8.6,-1.0,-1.0,-1.0
PROC,T0859,1,0,1241.3,-1.0,-1.0,-1.0,2.4,-1.0,-1.0,-1.0
PROC,T0860,1,0,1395.2,-1.0,-1.0,-1.0,6.8,-1.0,-1.0,-1.0
PROC,T0861,1,0,1238.6,-1.0,-1.0,-1.0,3.0,-1.0,-1.0,-1.0
PROC,T0862,1,0,1298.0,-1.0,-1.0,-1.0,6.4,-1.0,-1.0,-1.0
PROC,T0863,3,0,1078.2,-1.0,-1.0,-1.0,4.2,-1.0,-1.0,-1.0
PROC,T0864,1,0,1310.0,-1.0,-1.0,-1.0,6.4,-1.0,-1.0,-1.0
PROC,T0865,1,0,1065.7,-1.0,-1.0,-1.0,1.8,-1.0,-1.0,-1.0
PROC,T0866,1,0,1321.6,-1.0,-1.0,-1.0,6.4,-1.0,-1.0,-1.0
PROC,T0867,1,0,1085.7,-1.0,-1.0,-1.0,2.0,-1.0,-1.0,-1.0
PROC,T0868,1,0,1285.2,-1.0,-1.0,-1.0,6.4,-1.0,-1.0,-1.0
PROC,T0869,1,0,1085.2,-1.0,-1.0,-1.0,1.8,-1.0,-1.0,-1.0
PROC,T0870,1,0,1426.7,-1.0,-1.0,-1.0,13.2,-1.0,-1.0,-1.0
PROC,T0871,1,0,1222.9,-1.0,-1.0,-1.0,1.8,-1.0,-1.0,-1.0
PROC,T0872,1,0,1346.0,-1.0,-1.0,-1.0,6.8,-1.0,-1.0,-1.0
PROC,T0873,1,0,1247.0,-1.0,-1.0,-1.0,3.0,-1.0,-1.0,-1.0
PROC,T0874,1,0,1275.6,-1.0,-1.0,-1.0,6.4,-1.0,-1.0,-1.0
PROC,T0875,1,0,1065.4,-1.0,-1.0,-1.0,1.8,-1.0,-1.0,-1.0
PROC,T0876,1,0,1371.6,-1.0,-1.0,-1.0,8.8,-1.0,-1.0,-1.0
PROC,T0877,1,0,1058.1,-1.0,-1.0,-1.0,1.8,-1.0,-1.0,-1.0
PROC,T0878,1,0,1370.5,-1.0,-1.0,-1.0,6.8,-1.0,-1.0,-1.0
PROC,T0879,1,0,1104.2,-1.0,-1.0,-1.0,2.0,-1.0,-1.0,-1.0
PROC,T0880,1,0,1299.3,-1.0,-1.0,-1.0,6.4,-1.0,-1.0,-1.0
PROC,T0881,1,0,1063.2,-1.0,-1.0,-1.0,1.8,-1.0,-1.0,-1.0
PROC,T0882,1,0,1427.0,-1.0,-1.0,-1.0,11.0,-1.0,-1.0,-1.0
PROC,T0883,1,0,1162.9,-1.0,-1.0,-1.0,1.8,-1.0,-1.0,-1.0
PROC,T0884,1,0,1365.1,-1.0,-1.0,-1.0,6.8,-1.0,-1.0,-1.0
PROC,T0885,1,0,1183.3,-1.0,-1.0,-1.0,3.0,-1.0,-1.0,-1.0
PROC,T0886,1,0,1316.2,-1.0,-1.0,-1.0,6.4,-1.0,-1.0,-1.0
PROC,T0887,2,0,1144.6,-1.0,-1.0,-1.0,4.6,-1.0,-1.0,-1.0
PROC,T0888,1,0,1377.3,-1.0,-1.0,-1.0,6.4,-1.0,-1.0,-1.0
PROC,T0889,4,0,1086.6,-1.0,-1.0,-1.0,2.4,-1.0,-1.0,-1.0
PROC,T0890,1,0,1279.1,-1.0,-1.0,-1.0,5.8,-1.0,-1.0,-1.0
PROC,T0891,1,0,1150.4,-1.0,-1.0,-1.0,3.0,-1.0,-1.0,-1.0
PROC,T0892,1,0,1282.2,-1.0,-1.0,-1.0,5.4,-1.0,-1.0,-1.0
PROC,T0893,1,0,1127.2,-1.0,-1.0,-1.0,2.8,-1.0,-1.0,-1.0
PROC,T0894,1,0,1315.6,-1.0,-1.0,-1.0,7.6,-1.0,-1.0,-1.0
PROC,T0895,1,0,1116.2,-1.0,-1.0,-1.0,2.8,-1.0,-1.0,-1.0
PROC,T0896,1,0,1319.5,-1.0,-1.0,-1.0,5.8,-1.0,-1.0,-1.0
PROC,T0897,1,0,1430.1,-1.0,-1.0,-1.0,4.0,-1.0,-1.0,-1.0
PROC,T0898,1,0,1513.1,-1.0,-1.0,-1.0,5.6,-1.0,-1.0,-1.0
PROC,T0899,1,0,1282.1,-1.0,-1.0,-1.0,5.2,-1.0,-1.0,-1.0
PROC,T0900,1,0,1300.0,-1.0,-1.0,-1.0,5.4,-1.0,-1.0,-1.0
PROC,T0901,1,0,1086.2,-1.0,-1.0,-1.0,2.8,-1.0,-1.0,-1.0
PROC,T0902,1,0,1311.0,-1.0,-1.0,-1.0,5.4,-1.0,-1.0,-1.0
PROC,T0903,1,0,1132.9,-1.0,-1.0,-1.0,3.0,-1.0,-1.0,-1.0
PROC,T0904,1,0,1311.8,-1.0,-1.0,-1.0,5.6,-1.0,-1.0,-1.0
PROC,T0905,1,0,1089.8,-1.0,-1.0,-1.0,2.8,-1.0,-1.0,-1.0
PROC,T0906,1,0,1311.2,-1.0,-1.0,-1.0,7.6,-1.0,-1.0,-1.0
PROC,T0907,1,0,1134.4,-1.0,-1.0,-1.0,2.8,-1.0,-1.0,-1.0
PROC,T0908,1,0,1451.6,-1.0,-1.0,-1.0,6.0,-1.0,-1.0,-1.0
PROC,T0909,1,0,1265.1,-1.0,-1.0,-1.0,4.0,-1.0,-1.0,-1.0
PROC,T0910,1,0,1267.1,-1.0,-1.0,-1.0,5.4,-1.0,-1.0,-1.0
PROC,T0911,1,0,1099.0,-1.0,-1.0,-1.0,5.2,-1.0,-1.0,-1.0
PROC,T0912,1,0,1205.5,-1.0,-1.0,-1.0,5.4,-1.0,-1.0,-1.0
PROC,T0913,1,0,1071.6,-1.0,-1.0,-1.0,2.0,-1.0,-1.0,-1.0
PROC,T0914,1,0,1213.5,-1.0,-1.0,-1.0,6.4,-1.0,-1.0,-1.0
PROC,T0915,1,0,1147.7,-1.0,-1.0,-1.0,2.0,-1.0,-1.0,-1.0
PROC,T0916,1,0,1283.0,-1.0,-1.0,-1.0,6.8,-1.0,-1.0,-1.0
PROC,T0917,1,0,1072.2,-1.0,-1.0,-1.0,1.8,-1.0,-1.0,-1.0
PROC,T0918,1,0,1309.8,-1.0,-1.0,-1.0,8.6,-1.0,-1.0,-1.0
PROC,T0919,1,0,1195.9,-1.0,-1.0,-1.0,1.8,-1.0,-1.0,-1.0
PROC,T0920,1,0,1449.2,-1.0,-1.0,-1.0,6.8,-1.0,-1.0,-1.0
PROC,T0921,1,0,1164.2,-1.0,-1.0,-1.0,3.0,-1.0,-1.0,-1.0
PROC,T0922,1,0,1274.0,-1.0,-1.0,-1.0,6.4,-1.0,-1.0,-1.0
PROC,T0923,1,0,1087.6,-1.0,-1.0,-1.0,2.2,-1.0,-1.0,-1.0
PROC,T0924,1,0,1322.8,-1.0,-1.0,-1.0,8.8,-1.0,-1.0,-1.0
PROC,T0925,1,0,1064.1,-1.0,-1.0,-1.0,1.8,-1.0,-1.0,-1.0
PROC,T0926,1,0,1292.0,-1.0,-1.0,-1.0,6.4,-1.0,-1.0,-1.0
PROC,T0927,1,0,1092.9,-1.0,-1.0,-1.0,2.0,-1.0,-1.0,-1.0
PROC,T0928,1,0,1317.5,-1.0,-1.0,-1.0,6.4,-1.0,-1.0,-1.0
PROC,T0929,1,0,1082.6,-1.0,-1.0,-1.0,1.8,-1.0,-1.0,-1.0
PROC,T0930,1,0,1368.9,-1.0,-1.0,-1.0,11.2,-1.0,-1.0,-1.0
PROC,T0931,1,0,1118.4,-1.0,-1.0,-1.0,1.8,-1.0,-1.0,-1.0
PROC,T0932,1,0,1421.6,-1.0,-1.0,-1.0,6.8,-1.0,-1.0,-1.0
PROC,T0933,1,0,1231.3,-1.0,-1.0,-1.0,3.0,-1.0,-1.0,-1.0
PROC,T0934,1,0,1272.0,-1.0,-1.0,-1.0,6.4,-1.0,-1.0,-1.0
PROC,T0935,1,0,1090.9,-1.0,-1.0,-1.0,1.8,-1.0,-1.0,-1.0
PROC,T0936,1,0,1282.0,-1.0,-1.0,-1.0,8.8,-1.0,-1.0,-1.0
PROC,T0937,1,0,1109.4,-1.0,-1.0,-1.0,1.8,-1.0,-1.0,-1.0
PROC,T0938,1,0,1292.4,-1.0,-1.0,-1.0,6.8,-1.0,-1.0,-1.0
PROC,T0939,1,0,1091.6,-1.0,-1.0,-1.0,2.0,-1.0,-1.0,-1.0
PROC,T0940,1,0,1340.8,-1.0,-1.0,-1.0,8.8,-1.0,-1.0,-1.0
PROC,T0941,1,0,1060.5,-1.0,-1.0,-1.0,1.8,-1.0,-1.0,-1.0
PROC,T0942,1,0,1384.8,-1.0,-1.0,-1.0,8.6,-1.0,-1.0,-1.0
PROC,T0943,1,0,1087.3,-1.0,-1.0,-1.0,1.8,-1.0,-1.0,-1.0
PROC,T0944,1,0,1345.5,-1.0,-1.0,-1.0,6.8,-1.0,-1.0,-1.0
PROC,T0945,1,0,1191.2,-1.0,-1.0,-1.0,3.0,-1.0,-1.0,-1.0
PROC,T0946,1,0,1302.7,-1.0,-1.0,-1.0,6.4,-1.0,-1.0,-1.0
PROC,T0947,1,0,1098.4,-1.0,-1.0,-1.0,1.8,-1.0,-1.0,-1.0
PROC,T0948,1,0,1313.8,-1.0,-1.0,-1.0,8.8,-1.0,-1.0,-1.0
PROC,T0949,1,0,1064.1,-1.0,-1.0,-1.0,1.8,-1.0,-1.0,-1.0
PROC,T0950,1,0,1313.9,-1.0,-1.0,-1.0,6.4,-1.0,-1.0,-1.0
PROC,T0951,1,0,1116.0,-1.0,-1.0,-1.0,2.0,-1.0,-1.0,-1.0
PROC,T0952,1,0,1260.6,-1.0,-1.0,-1.0,6.4,-1.0,-1.0,-1.0
PROC,T0953,1,0,1128.4,-1.0,-1.0,-1.0,1.8,-1.0,-1.0,-1.0
PROC,T0954,1,0,1303.4,-1.0,-1.0,-1.0,8.6,-1.0,-1.0,-1.0
PROC,T0955,1,0,1073.5,-1.0,-1.0,-1.0,1.8,-1.0,-1.0,-1.0
PROC,T0956,1,0,1447.1,-1.0,-1.0,-1.0,6.8,-1.0,-1.0,-1.0
PROC,T0957,1,0,1166.0,-1.0,-1.0,-1.0,3.2,-1.0,-1.0,-1.0
PROC,T0958,1,0,1257.2,-1.0,-1.0,-1.0,6.4,-1.0,-1.0,-1.0
PROC,T0959,1,0,1230.8,-1.0,-1.0,-1.0,2.2,-1.0,-1.0,-1.0
PROC,T0960,1,0,1483.7,-1.0,-1.0,-1.0,8.8,-1.0,-1.0,-1.0
PROC,T0961,1,0,1293.4,-1.0,-1.0,-1.0,1.8,-1.0,-1.0,-1.0
PROC,T0962,1,0,1390.3,-1.0,-1.0,-1.0,6.4,-1.0,-1.0,-1.0
PROC,T0963,1,0,1078.4,-1.0,-1.0,-1.0,2.0,-1.0,-1.0,-1.0
PROC,T0964,1,0,1339.8,-1.0,-1.0,-1.0,6.4,-1.0,-1.0,-1.0
PROC,T0965,1,0,1103.4,-1.0,-1.0,-1.0,2.0,-1.0,-1.0,-1.0
PROC,T0966,1,0,1377.1,-1.0,-1.0,-1.0,8.6,-1.0,-1.0,-1.0
PROC,T0967,1,0,1267.5,-1.0,-1.0,-1.0,1.8,-1.0,-1.0,-1.0
PROC,T0968,1,0,1409.1,-1.0,-1.0,-1.0,7.0,-1.0,-1.0,-1.0
PROC,T0969,1,0,1201.8,-1.0,-1.0,-1.0,3.0,-1.0,-1.0,-1.0
PROC,T0970,1,0,1262.7,-1.0,-1.0,-1.0,6.4,-1.0,-1.0,-1.0
PROC,T0971,1,0,1053.3,-1.0,-1.0,-1.0,1.8,-1.0,-1.0,-1.0
PROC,T0972,1,0,1411.6,-1.0,-1.0,-1.0,8.8,-1.0,-1.0,-1.0
PROC,T0973,1,0,1044.1,-1.0,-1.0,-1.0,1.8,-1.0,-1.0,-1.0
PROC,T0974,2,0,1189.9,-1.0,-1.0,-1.0,6.4,-1.0,-1.0,-1.0
PROC,T0975,1,0,1122.2,-1.0,-1.0,-1.0,2.0,-1.0,-1.0,-1.0
PROC,T0976,1,0,1271.9,-1.0,-1.0,-1.0,6.4,-1.0,-1.0,-1.0
PROC,T0977,1,0,1090.9,-1.0,-1.0,-1.0,1.8,-1.0,-1.0,-1.0
PROC,T0978,2,0,1306.4,-1.0,-1.0,-1.0,8.6,-1.0,-1.0,-1.0
PROC,T0979,1,0,1076.4,-1.0,-1.0,-1.0,1.8,-1.0,-1.0,-1.0
PROC,T0980,3,0,1380.5,-1.0,-1.0,-1.0,6.8,-1.0,-1.0,-1.0
PROC,T0981,1,0,1244.9,-1.0,-1.0,-1.0,3.0,-1.0,-1.0,-1.0
PROC,T0982,1,0,1243.7,-1.0,-1.0,-1.0,6.4,-1.0,-1.0,-1.0
PROC,T0983,1,0,1066.2,-1.0,-1.0,-1.0,1.8,-1.0,-1.0,-1.0
PROC,T0984,1,0,1320.4,-1.0,-1.0,-1.0,8.8,-1.0,-1.0,-1.0
PROC,T0985,1,0,1068.4,-1.0,-1.0,-1.0,1.8,-1.0,-1.0,-1.0
PROC,T0986,1,0,1307.7,-1.0,-1.0,-1.0,6.4,-1.0,-1.0,-1.0
PROC,T0987,1,0,1110.1,-1.0,-1.0,-1.0,2.0,-1.0,-1.0,-1.0
PROC,T0988,1,0,1237.5,-1.0,-1.0,-1.0,6.4,-1.0,-1.0,-1.0
PROC,T0989,1,0,1055.9,-1.0,-1.0,-1.0,1.8,-1.0,-1.0,-1.0
PROC,T0990,1,0,1417.1,-1.0,-1.0,-1.0,10.6,-1.0,-1.0,-1.0
PROC,T0991,1,0,1197.8,-1.0,-1.0,-1.0,1.8,-1.0,-1.0,-1.0
PROC,T0992,1,0,1312.2,-1.0,-1.0,-1.0,6.8,-1.0,-1.0,-1.0
PROC,T0993,1,0,1160.0,-1.0,-1.0,-1.0,3.0,-1.0,-1.0,-1.0
PROC,T0994,1,0,1333.6,-1.0,-1.0,-1.0,6.4,-1.0,-1.0,-1.0
PROC,T0995,1,0,1065.3,-1.0,-1.0,-1.0,2.2,-1.0,-1.0,-1.0
PROC,T0996,1,0,1319.1,-1.0,-1.0,-1.0,8.8,-1.0,-1.0,-1.0
PROC,T0997,1,0,1085.3,-1.0,-1.0,-1.0,1.8,-1.0,-1.0,-1.0
PROC,T0998,1,0,1529.7,-1.0,-1.0,-1.0,8.0,-1.0,-1.0,-1.0
PROC,T0999,1,0,1123.8,-1.0,-1.0,-1.0,2.0,-1.0,-1.0,-1.0
PROC,T1000,1,0,1255.8,-1.0,-1.0,-1.0,6.4,-1.0,-1.0,-1.0
